"ANO","NIVEL","CODMUNRES","IDHM_A","IDHM_CA","IDHM_CA_M","IDHM_CA_F"
2015,"UF","41",0.786,0.749,0.719,0.776
2015,"MUNICIPIO","4100103",NA,0.687,NA,NA
2015,"MUNICIPIO","4100202",NA,0.667,NA,NA
2015,"MUNICIPIO","4100301",NA,0.66,NA,NA
2015,"MUNICIPIO","4100400",NA,0.699,NA,NA
2015,"MUNICIPIO","4100459",NA,0.667,NA,NA
2015,"MUNICIPIO","4128625",NA,0.678,NA,NA
2015,"MUNICIPIO","4100608",NA,0.696,NA,NA
2015,"MUNICIPIO","4100707",NA,0.676,NA,NA
2015,"MUNICIPIO","4100509",NA,0.721,NA,NA
2015,"MUNICIPIO","4100806",NA,0.708,NA,NA
2015,"MUNICIPIO","4100905",NA,0.669,NA,NA
2015,"MUNICIPIO","4101002",NA,0.709,NA,NA
2015,"MUNICIPIO","4101051",NA,0.695,NA,NA
2015,"MUNICIPIO","4101101",NA,0.725,NA,NA
2015,"MUNICIPIO","4101150",NA,0.721,NA,NA
2015,"MUNICIPIO","4101200",NA,0.687,NA,NA
2015,"MUNICIPIO","4101309",NA,0.656,NA,NA
2015,"MUNICIPIO","4101408",NA,0.748,NA,NA
2015,"MUNICIPIO","4101507",NA,0.748,NA,NA
2015,"MUNICIPIO","4101606",NA,0.723,NA,NA
2015,"MUNICIPIO","4101655",NA,0.676,NA,NA
2015,"MUNICIPIO","4101705",NA,0.704,NA,NA
2015,"MUNICIPIO","4101804",NA,0.74,NA,NA
2015,"MUNICIPIO","4101853",NA,0.67,NA,NA
2015,"MUNICIPIO","4101903",NA,0.728,NA,NA
2015,"MUNICIPIO","4102000",NA,0.729,NA,NA
2015,"MUNICIPIO","4102109",NA,0.747,NA,NA
2015,"MUNICIPIO","4102208",NA,0.736,NA,NA
2015,"MUNICIPIO","4102307",NA,0.696,NA,NA
2015,"MUNICIPIO","4102406",NA,0.727,NA,NA
2015,"MUNICIPIO","4102505",NA,0.696,NA,NA
2015,"MUNICIPIO","4102703",NA,0.744,NA,NA
2015,"MUNICIPIO","4102604",NA,0.706,NA,NA
2015,"MUNICIPIO","4102752",NA,0.681,NA,NA
2015,"MUNICIPIO","4102802",NA,0.716,NA,NA
2015,"MUNICIPIO","4102901",NA,0.667,NA,NA
2015,"MUNICIPIO","4103008",NA,0.72,NA,NA
2015,"MUNICIPIO","4103024",NA,0.7,NA,NA
2015,"MUNICIPIO","4103040",NA,0.655,NA,NA
2015,"MUNICIPIO","4103057",NA,0.67,NA,NA
2015,"MUNICIPIO","4103107",NA,0.64,NA,NA
2015,"MUNICIPIO","4103156",NA,0.697,NA,NA
2015,"MUNICIPIO","4103206",NA,0.686,NA,NA
2015,"MUNICIPIO","4103222",NA,0.742,NA,NA
2015,"MUNICIPIO","4103305",NA,0.717,NA,NA
2015,"MUNICIPIO","4103354",NA,0.701,NA,NA
2015,"MUNICIPIO","4103370",NA,0.681,NA,NA
2015,"MUNICIPIO","4103404",NA,0.693,NA,NA
2015,"MUNICIPIO","4103453",NA,0.748,NA,NA
2015,"MUNICIPIO","4103479",NA,0.692,NA,NA
2015,"MUNICIPIO","4103503",NA,0.722,NA,NA
2015,"MUNICIPIO","4103602",NA,0.721,NA,NA
2015,"MUNICIPIO","4103701",NA,0.734,NA,NA
2015,"MUNICIPIO","4103800",NA,0.725,NA,NA
2015,"MUNICIPIO","4103909",NA,0.704,NA,NA
2015,"MUNICIPIO","4103958",NA,0.63,NA,NA
2015,"MUNICIPIO","4104006",NA,0.718,NA,NA
2015,"MUNICIPIO","4104055",NA,0.681,NA,NA
2015,"MUNICIPIO","4104105",NA,0.686,NA,NA
2015,"MUNICIPIO","4104204",NA,0.745,NA,NA
2015,"MUNICIPIO","4104253",NA,0.701,NA,NA
2015,"MUNICIPIO","4104303",NA,0.757,NA,NA
2015,"MUNICIPIO","4104402",NA,0.629,NA,NA
2015,"MUNICIPIO","4104428",NA,0.635,NA,NA
2015,"MUNICIPIO","4104451",NA,0.635,NA,NA
2015,"MUNICIPIO","4104501",NA,0.706,NA,NA
2015,"MUNICIPIO","4104600",NA,0.716,NA,NA
2015,"MUNICIPIO","4104659",NA,0.728,NA,NA
2015,"MUNICIPIO","4104709",NA,0.713,NA,NA
2015,"MUNICIPIO","4104808",NA,0.782,NA,NA
2015,"MUNICIPIO","4104907",NA,0.703,NA,NA
2015,"MUNICIPIO","4105003",NA,0.678,NA,NA
2015,"MUNICIPIO","4105102",NA,0.668,NA,NA
2015,"MUNICIPIO","4105201",NA,0.573,NA,NA
2015,"MUNICIPIO","4105300",NA,0.732,NA,NA
2015,"MUNICIPIO","4105409",NA,0.74,NA,NA
2015,"MUNICIPIO","4105508",NA,0.755,NA,NA
2015,"MUNICIPIO","4105607",NA,0.718,NA,NA
2015,"MUNICIPIO","4105706",NA,0.694,NA,NA
2015,"MUNICIPIO","4105805",NA,0.733,NA,NA
2015,"MUNICIPIO","4105904",NA,0.73,NA,NA
2015,"MUNICIPIO","4106001",NA,0.668,NA,NA
2015,"MUNICIPIO","4106100",NA,0.707,NA,NA
2015,"MUNICIPIO","4106209",NA,0.681,NA,NA
2015,"MUNICIPIO","4106308",NA,0.738,NA,NA
2015,"MUNICIPIO","4106407",NA,0.759,NA,NA
2015,"MUNICIPIO","4106456",NA,0.6,NA,NA
2015,"MUNICIPIO","4106506",NA,0.723,NA,NA
2015,"MUNICIPIO","4106555",NA,0.638,NA,NA
2015,"MUNICIPIO","4106803",NA,0.664,NA,NA
2015,"MUNICIPIO","4106571",NA,0.709,NA,NA
2015,"MUNICIPIO","4106605",NA,0.717,NA,NA
2015,"MUNICIPIO","4106704",NA,0.713,NA,NA
2015,"MUNICIPIO","4106852",NA,0.666,NA,NA
2015,"MUNICIPIO","4106902",NA,0.823,NA,NA
2015,"MUNICIPIO","4107009",NA,0.656,NA,NA
2015,"MUNICIPIO","4107157",NA,0.644,NA,NA
2015,"MUNICIPIO","4107108",NA,0.723,NA,NA
2015,"MUNICIPIO","4107124",NA,0.608,NA,NA
2015,"MUNICIPIO","4107207",NA,0.767,NA,NA
2015,"MUNICIPIO","4107256",NA,0.724,NA,NA
2015,"MUNICIPIO","4107306",NA,0.746,NA,NA
2015,"MUNICIPIO","4128633",NA,0.546,NA,NA
2015,"MUNICIPIO","4107405",NA,0.752,NA,NA
2015,"MUNICIPIO","4107504",NA,0.73,NA,NA
2015,"MUNICIPIO","4107538",NA,0.761,NA,NA
2015,"MUNICIPIO","4107520",NA,0.689,NA,NA
2015,"MUNICIPIO","4107546",NA,0.636,NA,NA
2015,"MUNICIPIO","4107553",NA,0.715,NA,NA
2015,"MUNICIPIO","4107603",NA,0.687,NA,NA
2015,"MUNICIPIO","4107652",NA,0.72,NA,NA
2015,"MUNICIPIO","4107702",NA,0.716,NA,NA
2015,"MUNICIPIO","4107736",NA,0.645,NA,NA
2015,"MUNICIPIO","4107751",NA,0.677,NA,NA
2015,"MUNICIPIO","4107850",NA,0.682,NA,NA
2015,"MUNICIPIO","4107801",NA,0.745,NA,NA
2015,"MUNICIPIO","4107900",NA,0.736,NA,NA
2015,"MUNICIPIO","4108007",NA,0.701,NA,NA
2015,"MUNICIPIO","4108106",NA,0.732,NA,NA
2015,"MUNICIPIO","4108205",NA,0.723,NA,NA
2015,"MUNICIPIO","4108304",NA,0.751,NA,NA
2015,"MUNICIPIO","4108452",NA,0.645,NA,NA
2015,"MUNICIPIO","4108320",NA,0.669,NA,NA
2015,"MUNICIPIO","4108403",NA,0.774,NA,NA
2015,"MUNICIPIO","4108502",NA,0.652,NA,NA
2015,"MUNICIPIO","4108551",NA,0.675,NA,NA
2015,"MUNICIPIO","4108601",NA,0.731,NA,NA
2015,"MUNICIPIO","4108650",NA,0.641,NA,NA
2015,"MUNICIPIO","4108700",NA,0.658,NA,NA
2015,"MUNICIPIO","4108809",NA,0.724,NA,NA
2015,"MUNICIPIO","4108908",NA,0.693,NA,NA
2015,"MUNICIPIO","4108957",NA,0.669,NA,NA
2015,"MUNICIPIO","4109005",NA,0.702,NA,NA
2015,"MUNICIPIO","4109104",NA,0.719,NA,NA
2015,"MUNICIPIO","4109203",NA,0.698,NA,NA
2015,"MUNICIPIO","4109302",NA,0.677,NA,NA
2015,"MUNICIPIO","4109401",NA,0.731,NA,NA
2015,"MUNICIPIO","4109500",NA,0.587,NA,NA
2015,"MUNICIPIO","4109609",NA,0.717,NA,NA
2015,"MUNICIPIO","4109658",NA,0.683,NA,NA
2015,"MUNICIPIO","4109708",NA,0.71,NA,NA
2015,"MUNICIPIO","4109757",NA,0.685,NA,NA
2015,"MUNICIPIO","4109807",NA,0.726,NA,NA
2015,"MUNICIPIO","4109906",NA,0.666,NA,NA
2015,"MUNICIPIO","4110003",NA,0.758,NA,NA
2015,"MUNICIPIO","4110052",NA,0.703,NA,NA
2015,"MUNICIPIO","4110078",NA,0.622,NA,NA
2015,"MUNICIPIO","4110102",NA,0.66,NA,NA
2015,"MUNICIPIO","4110201",NA,0.6,NA,NA
2015,"MUNICIPIO","4110300",NA,0.705,NA,NA
2015,"MUNICIPIO","4110409",NA,0.724,NA,NA
2015,"MUNICIPIO","4110508",NA,0.652,NA,NA
2015,"MUNICIPIO","4110607",NA,0.706,NA,NA
2015,"MUNICIPIO","4110656",NA,0.707,NA,NA
2015,"MUNICIPIO","4110706",NA,0.726,NA,NA
2015,"MUNICIPIO","4110805",NA,0.665,NA,NA
2015,"MUNICIPIO","4110904",NA,0.707,NA,NA
2015,"MUNICIPIO","4110953",NA,0.738,NA,NA
2015,"MUNICIPIO","4111001",NA,0.694,NA,NA
2015,"MUNICIPIO","4111100",NA,0.746,NA,NA
2015,"MUNICIPIO","4111209",NA,0.731,NA,NA
2015,"MUNICIPIO","4111258",NA,0.637,NA,NA
2015,"MUNICIPIO","4111308",NA,0.656,NA,NA
2015,"MUNICIPIO","4111407",NA,0.651,NA,NA
2015,"MUNICIPIO","4111506",NA,0.73,NA,NA
2015,"MUNICIPIO","4111555",NA,0.706,NA,NA
2015,"MUNICIPIO","4111605",NA,0.766,NA,NA
2015,"MUNICIPIO","4111704",NA,0.718,NA,NA
2015,"MUNICIPIO","4111803",NA,0.743,NA,NA
2015,"MUNICIPIO","4111902",NA,0.715,NA,NA
2015,"MUNICIPIO","4112009",NA,0.743,NA,NA
2015,"MUNICIPIO","4112108",NA,0.747,NA,NA
2015,"MUNICIPIO","4112207",NA,0.696,NA,NA
2015,"MUNICIPIO","4112306",NA,0.696,NA,NA
2015,"MUNICIPIO","4112405",NA,0.712,NA,NA
2015,"MUNICIPIO","4112504",NA,0.689,NA,NA
2015,"MUNICIPIO","4112603",NA,0.682,NA,NA
2015,"MUNICIPIO","4112702",NA,0.687,NA,NA
2015,"MUNICIPIO","4112751",NA,0.705,NA,NA
2015,"MUNICIPIO","4112801",NA,0.7,NA,NA
2015,"MUNICIPIO","4112900",NA,0.688,NA,NA
2015,"MUNICIPIO","4112959",NA,0.708,NA,NA
2015,"MUNICIPIO","4113007",NA,0.718,NA,NA
2015,"MUNICIPIO","4113106",NA,0.721,NA,NA
2015,"MUNICIPIO","4113205",NA,0.706,NA,NA
2015,"MUNICIPIO","4113254",NA,0.585,NA,NA
2015,"MUNICIPIO","4113304",NA,0.706,NA,NA
2015,"MUNICIPIO","4113403",NA,0.707,NA,NA
2015,"MUNICIPIO","4113429",NA,0.68,NA,NA
2015,"MUNICIPIO","4113452",NA,0.666,NA,NA
2015,"MUNICIPIO","4113502",NA,0.725,NA,NA
2015,"MUNICIPIO","4113601",NA,0.744,NA,NA
2015,"MUNICIPIO","4113700",NA,0.778,NA,NA
2015,"MUNICIPIO","4113734",NA,0.668,NA,NA
2015,"MUNICIPIO","4113759",NA,0.69,NA,NA
2015,"MUNICIPIO","4113809",NA,0.71,NA,NA
2015,"MUNICIPIO","4113908",NA,0.708,NA,NA
2015,"MUNICIPIO","4114005",NA,0.719,NA,NA
2015,"MUNICIPIO","4114104",NA,0.718,NA,NA
2015,"MUNICIPIO","4114203",NA,0.751,NA,NA
2015,"MUNICIPIO","4114302",NA,0.655,NA,NA
2015,"MUNICIPIO","4114351",NA,0.645,NA,NA
2015,"MUNICIPIO","4114401",NA,0.688,NA,NA
2015,"MUNICIPIO","4114500",NA,0.716,NA,NA
2015,"MUNICIPIO","4114609",NA,0.774,NA,NA
2015,"MUNICIPIO","4114708",NA,0.703,NA,NA
2015,"MUNICIPIO","4114807",NA,0.735,NA,NA
2015,"MUNICIPIO","4114906",NA,0.691,NA,NA
2015,"MUNICIPIO","4115002",NA,0.681,NA,NA
2015,"MUNICIPIO","4115101",NA,0.639,NA,NA
2015,"MUNICIPIO","4115200",NA,0.808,NA,NA
2015,"MUNICIPIO","4115309",NA,0.698,NA,NA
2015,"MUNICIPIO","4115358",NA,0.758,NA,NA
2015,"MUNICIPIO","4115408",NA,0.722,NA,NA
2015,"MUNICIPIO","4115457",NA,0.614,NA,NA
2015,"MUNICIPIO","4115507",NA,0.721,NA,NA
2015,"MUNICIPIO","4115606",NA,0.725,NA,NA
2015,"MUNICIPIO","4115705",NA,0.743,NA,NA
2015,"MUNICIPIO","4115739",NA,0.632,NA,NA
2015,"MUNICIPIO","4115754",NA,0.652,NA,NA
2015,"MUNICIPIO","4115804",NA,0.763,NA,NA
2015,"MUNICIPIO","4115853",NA,0.74,NA,NA
2015,"MUNICIPIO","4115903",NA,0.68,NA,NA
2015,"MUNICIPIO","4116000",NA,0.748,NA,NA
2015,"MUNICIPIO","4116059",NA,0.711,NA,NA
2015,"MUNICIPIO","4116109",NA,0.675,NA,NA
2015,"MUNICIPIO","4116208",NA,0.686,NA,NA
2015,"MUNICIPIO","4116307",NA,0.726,NA,NA
2015,"MUNICIPIO","4116406",NA,0.709,NA,NA
2015,"MUNICIPIO","4116505",NA,0.717,NA,NA
2015,"MUNICIPIO","4116604",NA,0.698,NA,NA
2015,"MUNICIPIO","4116703",NA,0.733,NA,NA
2015,"MUNICIPIO","4116802",NA,0.658,NA,NA
2015,"MUNICIPIO","4116901",NA,0.722,NA,NA
2015,"MUNICIPIO","4116950",NA,0.714,NA,NA
2015,"MUNICIPIO","4117008",NA,0.688,NA,NA
2015,"MUNICIPIO","4117057",NA,0.642,NA,NA
2015,"MUNICIPIO","4117107",NA,0.758,NA,NA
2015,"MUNICIPIO","4117206",NA,0.71,NA,NA
2015,"MUNICIPIO","4117255",NA,0.716,NA,NA
2015,"MUNICIPIO","4117214",NA,0.68,NA,NA
2015,"MUNICIPIO","4117222",NA,0.731,NA,NA
2015,"MUNICIPIO","4117271",NA,0.651,NA,NA
2015,"MUNICIPIO","4117297",NA,0.71,NA,NA
2015,"MUNICIPIO","4117305",NA,0.609,NA,NA
2015,"MUNICIPIO","4117404",NA,0.72,NA,NA
2015,"MUNICIPIO","4117453",NA,0.709,NA,NA
2015,"MUNICIPIO","4117503",NA,0.716,NA,NA
2015,"MUNICIPIO","4117602",NA,0.66,NA,NA
2015,"MUNICIPIO","4117701",NA,0.718,NA,NA
2015,"MUNICIPIO","4117800",NA,0.639,NA,NA
2015,"MUNICIPIO","4117909",NA,0.768,NA,NA
2015,"MUNICIPIO","4118006",NA,0.746,NA,NA
2015,"MUNICIPIO","4118105",NA,0.717,NA,NA
2015,"MUNICIPIO","4118204",NA,0.75,NA,NA
2015,"MUNICIPIO","4118303",NA,0.709,NA,NA
2015,"MUNICIPIO","4118402",NA,0.763,NA,NA
2015,"MUNICIPIO","4118451",NA,0.747,NA,NA
2015,"MUNICIPIO","4118501",NA,0.782,NA,NA
2015,"MUNICIPIO","4118600",NA,0.717,NA,NA
2015,"MUNICIPIO","4118709",NA,0.708,NA,NA
2015,"MUNICIPIO","4118808",NA,0.723,NA,NA
2015,"MUNICIPIO","4118857",NA,0.713,NA,NA
2015,"MUNICIPIO","4118907",NA,0.7,NA,NA
2015,"MUNICIPIO","4119004",NA,0.726,NA,NA
2015,"MUNICIPIO","4119103",NA,0.694,NA,NA
2015,"MUNICIPIO","4119152",NA,0.751,NA,NA
2015,"MUNICIPIO","4119251",NA,0.695,NA,NA
2015,"MUNICIPIO","4119202",NA,0.697,NA,NA
2015,"MUNICIPIO","4119301",NA,0.654,NA,NA
2015,"MUNICIPIO","4119400",NA,0.708,NA,NA
2015,"MUNICIPIO","4119509",NA,0.7,NA,NA
2015,"MUNICIPIO","4119608",NA,0.702,NA,NA
2015,"MUNICIPIO","4119657",NA,0.71,NA,NA
2015,"MUNICIPIO","4119707",NA,0.705,NA,NA
2015,"MUNICIPIO","4119806",NA,0.706,NA,NA
2015,"MUNICIPIO","4119905",NA,0.763,NA,NA
2015,"MUNICIPIO","4119954",NA,0.738,NA,NA
2015,"MUNICIPIO","4120002",NA,0.738,NA,NA
2015,"MUNICIPIO","4120101",NA,0.7,NA,NA
2015,"MUNICIPIO","4120150",NA,0.688,NA,NA
2015,"MUNICIPIO","4120200",NA,0.735,NA,NA
2015,"MUNICIPIO","4120309",NA,0.685,NA,NA
2015,"MUNICIPIO","4120333",NA,0.71,NA,NA
2015,"MUNICIPIO","4120358",NA,0.752,NA,NA
2015,"MUNICIPIO","4120408",NA,0.713,NA,NA
2015,"MUNICIPIO","4120507",NA,0.701,NA,NA
2015,"MUNICIPIO","4120606",NA,0.676,NA,NA
2015,"MUNICIPIO","4120655",NA,0.71,NA,NA
2015,"MUNICIPIO","4120705",NA,0.714,NA,NA
2015,"MUNICIPIO","4120804",NA,0.742,NA,NA
2015,"MUNICIPIO","4120853",NA,0.791,NA,NA
2015,"MUNICIPIO","4120903",NA,0.681,NA,NA
2015,"MUNICIPIO","4121000",NA,0.688,NA,NA
2015,"MUNICIPIO","4121109",NA,0.715,NA,NA
2015,"MUNICIPIO","4121208",NA,0.68,NA,NA
2015,"MUNICIPIO","4121257",NA,0.63,NA,NA
2015,"MUNICIPIO","4121307",NA,0.707,NA,NA
2015,"MUNICIPIO","4121356",NA,0.704,NA,NA
2015,"MUNICIPIO","4121406",NA,0.722,NA,NA
2015,"MUNICIPIO","4121505",NA,0.672,NA,NA
2015,"MUNICIPIO","4121604",NA,0.733,NA,NA
2015,"MUNICIPIO","4121703",NA,0.618,NA,NA
2015,"MUNICIPIO","4121752",NA,0.648,NA,NA
2015,"MUNICIPIO","4121802",NA,0.716,NA,NA
2015,"MUNICIPIO","4121901",NA,0.701,NA,NA
2015,"MUNICIPIO","4122008",NA,0.687,NA,NA
2015,"MUNICIPIO","4122107",NA,0.729,NA,NA
2015,"MUNICIPIO","4122156",NA,0.629,NA,NA
2015,"MUNICIPIO","4122172",NA,0.64,NA,NA
2015,"MUNICIPIO","4122206",NA,0.679,NA,NA
2015,"MUNICIPIO","4122305",NA,0.76,NA,NA
2015,"MUNICIPIO","4122404",NA,0.739,NA,NA
2015,"MUNICIPIO","4122503",NA,0.681,NA,NA
2015,"MUNICIPIO","4122602",NA,0.713,NA,NA
2015,"MUNICIPIO","4122651",NA,0.662,NA,NA
2015,"MUNICIPIO","4122701",NA,0.74,NA,NA
2015,"MUNICIPIO","4122800",NA,0.7,NA,NA
2015,"MUNICIPIO","4122909",NA,0.704,NA,NA
2015,"MUNICIPIO","4123006",NA,0.718,NA,NA
2015,"MUNICIPIO","4123105",NA,0.653,NA,NA
2015,"MUNICIPIO","4123204",NA,0.723,NA,NA
2015,"MUNICIPIO","4123303",NA,0.71,NA,NA
2015,"MUNICIPIO","4123402",NA,0.705,NA,NA
2015,"MUNICIPIO","4123501",NA,0.744,NA,NA
2015,"MUNICIPIO","4123600",NA,0.717,NA,NA
2015,"MUNICIPIO","4123709",NA,0.72,NA,NA
2015,"MUNICIPIO","4123808",NA,0.696,NA,NA
2015,"MUNICIPIO","4123824",NA,0.687,NA,NA
2015,"MUNICIPIO","4123857",NA,0.609,NA,NA
2015,"MUNICIPIO","4123907",NA,0.7,NA,NA
2015,"MUNICIPIO","4123956",NA,0.704,NA,NA
2015,"MUNICIPIO","4124020",NA,0.705,NA,NA
2015,"MUNICIPIO","4124053",NA,0.738,NA,NA
2015,"MUNICIPIO","4124004",NA,0.687,NA,NA
2015,"MUNICIPIO","4124103",NA,0.718,NA,NA
2015,"MUNICIPIO","4124202",NA,0.696,NA,NA
2015,"MUNICIPIO","4124301",NA,0.716,NA,NA
2015,"MUNICIPIO","4124400",NA,0.671,NA,NA
2015,"MUNICIPIO","4124509",NA,0.739,NA,NA
2015,"MUNICIPIO","4124608",NA,0.682,NA,NA
2015,"MUNICIPIO","4124707",NA,0.637,NA,NA
2015,"MUNICIPIO","4124806",NA,0.727,NA,NA
2015,"MUNICIPIO","4124905",NA,0.664,NA,NA
2015,"MUNICIPIO","4125001",NA,0.693,NA,NA
2015,"MUNICIPIO","4125100",NA,0.629,NA,NA
2015,"MUNICIPIO","4125209",NA,0.722,NA,NA
2015,"MUNICIPIO","4125308",NA,0.743,NA,NA
2015,"MUNICIPIO","4125357",NA,0.676,NA,NA
2015,"MUNICIPIO","4125407",NA,0.671,NA,NA
2015,"MUNICIPIO","4125456",NA,0.713,NA,NA
2015,"MUNICIPIO","4125506",NA,0.758,NA,NA
2015,"MUNICIPIO","4125555",NA,0.725,NA,NA
2015,"MUNICIPIO","4125605",NA,0.719,NA,NA
2015,"MUNICIPIO","4125704",NA,0.704,NA,NA
2015,"MUNICIPIO","4125753",NA,0.683,NA,NA
2015,"MUNICIPIO","4125803",NA,0.717,NA,NA
2015,"MUNICIPIO","4125902",NA,0.704,NA,NA
2015,"MUNICIPIO","4126009",NA,0.715,NA,NA
2015,"MUNICIPIO","4126108",NA,0.725,NA,NA
2015,"MUNICIPIO","4126207",NA,0.655,NA,NA
2015,"MUNICIPIO","4126256",NA,0.695,NA,NA
2015,"MUNICIPIO","4126272",NA,0.699,NA,NA
2015,"MUNICIPIO","4126306",NA,0.663,NA,NA
2015,"MUNICIPIO","4126355",NA,0.762,NA,NA
2015,"MUNICIPIO","4126405",NA,0.725,NA,NA
2015,"MUNICIPIO","4126504",NA,0.723,NA,NA
2015,"MUNICIPIO","4126603",NA,0.704,NA,NA
2015,"MUNICIPIO","4126652",NA,0.693,NA,NA
2015,"MUNICIPIO","4126678",NA,0.621,NA,NA
2015,"MUNICIPIO","4126702",NA,0.731,NA,NA
2015,"MUNICIPIO","4126801",NA,0.703,NA,NA
2015,"MUNICIPIO","4126900",NA,0.697,NA,NA
2015,"MUNICIPIO","4127007",NA,0.671,NA,NA
2015,"MUNICIPIO","4127106",NA,0.734,NA,NA
2015,"MUNICIPIO","4127205",NA,0.728,NA,NA
2015,"MUNICIPIO","4127304",NA,0.71,NA,NA
2015,"MUNICIPIO","4127403",NA,0.714,NA,NA
2015,"MUNICIPIO","4127502",NA,0.664,NA,NA
2015,"MUNICIPIO","4127601",NA,0.636,NA,NA
2015,"MUNICIPIO","4127700",NA,0.768,NA,NA
2015,"MUNICIPIO","4127809",NA,0.699,NA,NA
2015,"MUNICIPIO","4127858",NA,0.681,NA,NA
2015,"MUNICIPIO","4127882",NA,0.611,NA,NA
2015,"MUNICIPIO","4127908",NA,0.695,NA,NA
2015,"MUNICIPIO","4127957",NA,0.73,NA,NA
2015,"MUNICIPIO","4127965",NA,0.672,NA,NA
2015,"MUNICIPIO","4128005",NA,0.739,NA,NA
2015,"MUNICIPIO","4128104",NA,0.761,NA,NA
2015,"MUNICIPIO","4128203",NA,0.74,NA,NA
2015,"MUNICIPIO","4128302",NA,0.72,NA,NA
2015,"MUNICIPIO","4128401",NA,0.721,NA,NA
2015,"MUNICIPIO","4128534",NA,0.65,NA,NA
2015,"MUNICIPIO","4128559",NA,0.699,NA,NA
2015,"MUNICIPIO","4128609",NA,0.72,NA,NA
2015,"MUNICIPIO","4128658",NA,0.722,NA,NA
2015,"MUNICIPIO","4128708",NA,0.702,NA,NA
2015,"MUNICIPIO","4128500",NA,0.687,NA,NA
2015,"MUNICIPIO","4128807",NA,0.706,NA,NA
