"ANO","NIVEL","CODMUNRES","POPRE_T","POPRC_T","POPRC_M","POPRC_F","POPRC_15","POPRC_15_49","POPRC_50","POPRC_F_15","POPRC_F_15_49","POPRC_F_50"
2015,"UF",41,"11163018",10444526,5130994,5313532,2391500,5800774,2252252,1173953,2938969,1200610
2015,"MUNICIPIO",4100103,"7823",7764,3916,3848,1667,4104,1993,800,2016,1032
2015,"MUNICIPIO",4100202,"6333",6376,3298,3078,1769,3008,1599,825,1485,768
2015,"MUNICIPIO",4100301,"8983",8270,4306,3964,2092,4358,1820,1036,2040,888
2015,"MUNICIPIO",4100400,"112870",103204,51136,52068,28522,58563,16119,13890,29740,8438
2015,"MUNICIPIO",4100459,"3341",4306,2202,2104,1062,2235,1009,493,1119,492
2015,"MUNICIPIO",4100509,"21744",20516,10157,10359,4408,10577,5531,2195,5372,2792
2015,"MUNICIPIO",4100608,"14518",13663,6842,6821,3037,7383,3243,1491,3667,1663
2015,"MUNICIPIO",4100707,"10285",10179,5129,5050,2238,5459,2482,1056,2710,1284
2015,"MUNICIPIO",4100806,"11057",10283,5205,5078,2200,5422,2661,1021,2692,1365
2015,"MUNICIPIO",4100905,"5953",5443,2757,2686,1414,3023,1006,694,1487,505
2015,"MUNICIPIO",4101002,"18591",17308,8586,8722,4182,9420,3706,2032,4770,1920
2015,"MUNICIPIO",4101051,"2915",2874,1439,1435,649,1445,780,337,706,392
2015,"MUNICIPIO",4101101,"20876",20610,10041,10569,4271,10969,5370,2114,5596,2859
2015,"MUNICIPIO",4101150,"2964",2859,1457,1402,618,1552,689,297,755,350
2015,"MUNICIPIO",4101200,"19416",18891,9349,9542,4850,9399,4642,2376,4742,2424
2015,"MUNICIPIO",4101309,"7578",7351,3857,3494,1711,3765,1875,833,1787,874
2015,"MUNICIPIO",4101408,"130430",120919,58682,62237,26003,66766,28150,12878,33998,15361
2015,"MUNICIPIO",4101507,"115412",104150,51039,53111,21971,59025,23154,10830,29749,12532
2015,"MUNICIPIO",4101606,"27547",25855,12949,12906,6807,14286,4762,3338,7193,2375
2015,"MUNICIPIO",4101655,"3426",3561,1764,1797,788,1792,981,407,895,495
2015,"MUNICIPIO",4101705,"14014",13419,6824,6595,2880,7388,3151,1356,3622,1617
2015,"MUNICIPIO",4101804,"133428",119123,59606,59517,30061,69663,19399,14746,34749,10022
2015,"MUNICIPIO",4101853,"2359",2453,1229,1224,511,1248,694,276,625,323
2015,"MUNICIPIO",4101903,"16212",16354,8012,8342,3557,8485,4312,1704,4337,2301
2015,"MUNICIPIO",4102000,"34027",33025,16178,16847,6731,17513,8781,3282,9006,4559
2015,"MUNICIPIO",4102109,"25976",24698,12142,12556,4945,13280,6473,2452,6669,3435
2015,"MUNICIPIO",4102208,"4004",3913,1970,1943,748,2086,1079,349,1040,554
2015,"MUNICIPIO",4102307,"12337",11300,5721,5579,2645,6398,2257,1286,3133,1160
2015,"MUNICIPIO",4102406,"32639",32184,15551,16633,7051,17128,8005,3511,8855,4267
2015,"MUNICIPIO",4102505,"12487",12656,6351,6305,2752,6413,3491,1337,3207,1761
2015,"MUNICIPIO",4102604,"10231",9735,4794,4941,2326,5243,2166,1144,2691,1106
2015,"MUNICIPIO",4102703,"2821",2727,1385,1342,492,1425,810,246,702,394
2015,"MUNICIPIO",4102752,"3848",3945,2018,1927,964,1896,1085,488,923,516
2015,"MUNICIPIO",4102802,"15612",15079,7317,7762,3112,7828,4139,1563,3999,2200
2015,"MUNICIPIO",4102901,"16480",15880,8150,7730,4596,8389,2895,2229,4097,1404
2015,"MUNICIPIO",4103008,"4478",4568,2280,2288,902,2478,1188,451,1239,598
2015,"MUNICIPIO",4103024,"2716",2764,1402,1362,689,1459,616,341,715,306
2015,"MUNICIPIO",4103040,"6683",6554,3346,3208,1791,3566,1197,901,1720,587
2015,"MUNICIPIO",4103057,"7968",7911,3994,3917,2059,3840,2012,1009,1919,989
2015,"MUNICIPIO",4103107,"12159",10987,5552,5435,3090,5715,2182,1569,2779,1087
2015,"MUNICIPIO",4103156,"3777",3796,1969,1827,915,1810,1071,444,864,519
2015,"MUNICIPIO",4103206,"6944",6561,3227,3334,1523,3525,1513,761,1782,791
2015,"MUNICIPIO",4103222,"3365",3293,1638,1655,664,1747,882,340,874,441
2015,"MUNICIPIO",4103305,"7497",7878,3933,3945,1491,4042,2345,742,1989,1214
2015,"MUNICIPIO",4103354,"5742",5735,2939,2796,1327,3028,1380,642,1499,655
2015,"MUNICIPIO",4103370,"3037",3209,1603,1606,658,1713,838,331,850,425
2015,"MUNICIPIO",4103404,"2873",2695,1376,1319,570,1493,632,263,723,333
2015,"MUNICIPIO",4103453,"16611",14662,7345,7317,3441,8726,2495,1660,4366,1291
2015,"MUNICIPIO",4103479,"4288",4290,2170,2120,857,2227,1206,408,1108,604
2015,"MUNICIPIO",4103503,"8505",8069,4051,4018,1788,4278,2003,873,2144,1001
2015,"MUNICIPIO",4103602,"25170",23886,11648,12238,5073,12707,6106,2462,6465,3311
2015,"MUNICIPIO",4103701,"103822",96733,47299,49434,21270,53871,21592,10462,27369,11603
2015,"MUNICIPIO",4103800,"7708",7236,3679,3557,1469,3898,1869,704,1901,952
2015,"MUNICIPIO",4103909,"15247",15394,7647,7747,3620,7931,3843,1749,4072,1926
2015,"MUNICIPIO",4103958,"4096",4076,2136,1940,1183,2103,790,569,1015,356
2015,"MUNICIPIO",4104006,"41821",38769,19229,19540,10339,22008,6422,5152,11096,3292
2015,"MUNICIPIO",4104055,"4259",4407,2215,2192,1127,2349,931,563,1161,468
2015,"MUNICIPIO",4104105,"7693",7125,3676,3449,2037,3860,1228,991,1858,600
2015,"MUNICIPIO",4104204,"124098",112377,55660,56717,26246,64578,21553,12952,32440,11325
2015,"MUNICIPIO",4104253,"27517",24843,12507,12336,6494,14097,4252,3128,7002,2206
2015,"MUNICIPIO",4104303,"92930",87194,42013,45181,19163,48938,19093,9483,25350,10348
2015,"MUNICIPIO",4104402,"16339",16655,8543,8112,4422,8426,3807,2256,4061,1795
2015,"MUNICIPIO",4104428,"15822",14983,7551,7432,4225,8065,2693,2105,4055,1272
2015,"MUNICIPIO",4104451,"13452",12952,6562,6390,3695,6674,2583,1775,3307,1308
2015,"MUNICIPIO",4104501,"19275",18526,9160,9366,3924,9688,4914,1902,4834,2630
2015,"MUNICIPIO",4104600,"15724",14970,7474,7496,3552,7946,3472,1783,3964,1749
2015,"MUNICIPIO",4104659,"21590",19163,9702,9461,5409,10859,2895,2637,5365,1459
2015,"MUNICIPIO",4104709,"14337",13706,6925,6781,3135,7093,3478,1532,3534,1715
2015,"MUNICIPIO",4104808,"312778",286205,139771,146434,65047,167648,53510,32198,85400,28836
2015,"MUNICIPIO",4104907,"70810",67084,33390,33694,18708,36018,12358,9147,18101,6446
2015,"MUNICIPIO",4105003,"10459",10202,5192,5010,2643,5446,2113,1281,2710,1019
2015,"MUNICIPIO",4105102,"11312",11190,5562,5628,2346,6016,2828,1200,2954,1474
2015,"MUNICIPIO",4105201,"17755",16938,8718,8220,4931,8597,3410,2413,4162,1645
2015,"MUNICIPIO",4105300,"11649",11032,5413,5619,2378,5995,2659,1154,3072,1393
2015,"MUNICIPIO",4105409,"19992",19679,9775,9904,4615,10574,4490,2264,5357,2283
2015,"MUNICIPIO",4105508,"77515",69958,34041,35917,14483,40127,15348,7167,20586,8164
2015,"MUNICIPIO",4105607,"12069",11062,5531,5531,2634,6147,2281,1298,3048,1185
2015,"MUNICIPIO",4105706,"17373",17240,8439,8801,4534,8793,3913,2229,4481,2091
2015,"MUNICIPIO",4105805,"232432",212967,105010,107957,55844,122838,34285,27450,62268,18239
2015,"MUNICIPIO",4105904,"23678",22345,11042,11303,4350,12410,5585,2155,6273,2875
2015,"MUNICIPIO",4106001,"8736",8279,4237,4042,1929,4275,2075,933,2104,1005
2015,"MUNICIPIO",4106100,"3831",3636,1839,1797,827,1870,939,405,917,475
2015,"MUNICIPIO",4106209,"17525",15891,8095,7796,4025,8642,3224,1930,4225,1641
2015,"MUNICIPIO",4106308,"17076",16312,7973,8339,3635,8929,3748,1756,4596,1987
2015,"MUNICIPIO",4106407,"48551",46928,22697,24231,9154,25209,12565,4468,12929,6834
2015,"MUNICIPIO",4106456,"7580",7238,3791,3447,2170,3882,1186,1065,1863,519
2015,"MUNICIPIO",4106506,"21846",21749,10621,11128,4886,11361,5502,2415,5819,2894
2015,"MUNICIPIO",4106555,"3749",4002,2030,1972,886,2038,1078,440,1018,514
2015,"MUNICIPIO",4106571,"4376",4278,2133,2145,1052,2231,995,522,1125,498
2015,"MUNICIPIO",4106605,"21190",20416,9988,10428,4266,10893,5257,2173,5457,2798
2015,"MUNICIPIO",4106704,"4637",4563,2310,2253,962,2491,1110,465,1226,562
2015,"MUNICIPIO",4106803,"18807",18040,9322,8718,4899,9530,3611,2459,4467,1792
2015,"MUNICIPIO",4106852,"3147",3162,1635,1527,641,1678,843,319,816,392
2015,"MUNICIPIO",4106902,"1879355",1751907,835115,916792,349960,1010117,391830,171905,521062,223825
2015,"MUNICIPIO",4107009,"14817",13923,7107,6816,3515,7332,3076,1661,3685,1470
2015,"MUNICIPIO",4107108,"5463",5516,2730,2786,1169,2882,1465,560,1459,767
2015,"MUNICIPIO",4107124,"3568",3510,1796,1714,1021,1816,673,523,874,317
2015,"MUNICIPIO",4107157,"5259",5027,2570,2457,1307,2591,1129,638,1257,562
2015,"MUNICIPIO",4107207,"39138",36179,17986,18193,8226,20559,7394,3986,10348,3859
2015,"MUNICIPIO",4107256,"8228",7445,3770,3675,1594,4105,1746,771,2049,855
2015,"MUNICIPIO",4107306,"6047",5828,2868,2960,1033,3030,1765,502,1551,907
2015,"MUNICIPIO",4107405,"6195",6103,3134,2969,1403,3151,1549,656,1552,761
2015,"MUNICIPIO",4107504,"14307",13906,6926,6980,3007,7511,3388,1485,3746,1749
2015,"MUNICIPIO",4107520,"1898",1970,981,989,382,994,594,188,499,302
2015,"MUNICIPIO",4107538,"4306",3926,1959,1967,824,2164,938,394,1080,493
2015,"MUNICIPIO",4107546,"4542",4677,2386,2291,1288,2237,1152,637,1105,549
2015,"MUNICIPIO",4107553,"3388",3472,1723,1749,823,1845,804,425,915,409
2015,"MUNICIPIO",4107603,"17160",16314,8025,8289,3856,8586,3872,1941,4341,2007
2015,"MUNICIPIO",4107652,"92204",81675,40574,41101,23207,46660,11808,11457,23566,6078
2015,"MUNICIPIO",4107702,"4908",4802,2398,2404,1001,2542,1259,499,1268,637
2015,"MUNICIPIO",4107736,"5954",5932,3039,2893,1585,3191,1156,800,1546,547
2015,"MUNICIPIO",4107751,"8268",8293,4103,4190,1937,4271,2085,953,2174,1063
2015,"MUNICIPIO",4107801,"5126",5050,2502,2548,821,2676,1553,394,1348,806
2015,"MUNICIPIO",4107850,"4802",4726,2398,2328,1160,2478,1088,587,1231,510
2015,"MUNICIPIO",4107900,"6467",5931,2953,2978,1192,3289,1450,554,1681,743
2015,"MUNICIPIO",4108007,"11205",11222,5687,5535,2542,6251,2429,1204,3116,1215
2015,"MUNICIPIO",4108106,"2674",2543,1289,1254,545,1357,641,254,673,327
2015,"MUNICIPIO",4108205,"7296",7541,3784,3757,1297,3902,2342,602,1952,1203
2015,"MUNICIPIO",4108304,"263782",256088,124218,131870,65174,146580,44334,32009,76604,23257
2015,"MUNICIPIO",4108320,"6415",6418,3224,3194,1425,3118,1875,683,1538,973
2015,"MUNICIPIO",4108403,"86499",78943,38958,39985,17527,45029,16387,8550,22697,8738
2015,"MUNICIPIO",4108452,"5210",5420,2685,2735,1612,2781,1027,807,1409,519
2015,"MUNICIPIO",4108502,"14039",13669,6898,6771,4149,7159,2361,2010,3570,1191
2015,"MUNICIPIO",4108551,"3245",3337,1701,1636,710,1633,994,348,821,467
2015,"MUNICIPIO",4108601,"29702",29018,14006,15012,6348,15593,7077,3182,8023,3807
2015,"MUNICIPIO",4108650,"7517",7503,3924,3579,2278,3833,1392,1081,1862,636
2015,"MUNICIPIO",4108700,"6337",6625,3385,3240,1534,3486,1605,770,1697,773
2015,"MUNICIPIO",4108809,"32591",30704,14932,15772,7441,16458,6805,3728,8480,3564
2015,"MUNICIPIO",4108908,"6531",6197,3106,3091,1416,3374,1407,694,1679,718
2015,"MUNICIPIO",4108957,"8484",7900,4008,3892,1975,4347,1578,1024,2090,778
2015,"MUNICIPIO",4109005,"3950",3891,1934,1957,892,2105,894,456,1052,449
2015,"MUNICIPIO",4109104,"2290",2219,1135,1084,472,1198,549,220,586,278
2015,"MUNICIPIO",4109203,"5434",5227,2574,2653,1136,2767,1324,572,1379,702
2015,"MUNICIPIO",4109302,"13998",14582,7263,7319,3454,7500,3628,1730,3778,1811
2015,"MUNICIPIO",4109401,"178126",167328,81797,85531,42544,92713,32071,20879,47368,17284
2015,"MUNICIPIO",4109500,"7966",7871,4176,3695,2214,4012,1645,1062,1880,753
2015,"MUNICIPIO",4109609,"35182",32095,15975,16120,8265,16521,7309,4001,8379,3740
2015,"MUNICIPIO",4109658,"5769",5955,3092,2863,1651,3108,1196,763,1511,589
2015,"MUNICIPIO",4109708,"30678",28751,14473,14278,6915,15276,6560,3352,7549,3377
2015,"MUNICIPIO",4109757,"6352",6066,3036,3030,1562,3264,1240,792,1613,625
2015,"MUNICIPIO",4109807,"52330",48198,23437,24761,10624,26243,11331,5306,13485,5970
2015,"MUNICIPIO",4109906,"8641",8839,4458,4381,1947,4473,2419,944,2212,1225
2015,"MUNICIPIO",4110003,"4275",3982,2004,1978,831,2216,935,391,1112,475
2015,"MUNICIPIO",4110052,"2302",2234,1136,1098,503,1152,579,247,555,296
2015,"MUNICIPIO",4110078,"12400",11274,5748,5526,3223,5836,2215,1600,2871,1055
2015,"MUNICIPIO",4110102,"31055",28455,14390,14065,7581,15693,5181,3754,7685,2626
2015,"MUNICIPIO",4110201,"11307",10943,5604,5339,3341,5678,1924,1652,2750,937
2015,"MUNICIPIO",4110300,"3119",2988,1528,1460,677,1603,708,306,793,361
2015,"MUNICIPIO",4110409,"4481",4299,2187,2112,886,2199,1214,414,1098,600
2015,"MUNICIPIO",4110508,"14978",14150,7328,6822,3821,7719,2610,1829,3720,1273
2015,"MUNICIPIO",4110607,"14887",14981,7393,7588,3164,7617,4200,1575,3818,2195
2015,"MUNICIPIO",4110656,"2512",2578,1320,1258,527,1388,663,230,698,330
2015,"MUNICIPIO",4110706,"59708",56207,27708,28499,12713,31019,12475,6256,15605,6638
2015,"MUNICIPIO",4110805,"10689",10622,5433,5189,2593,5401,2628,1209,2672,1308
2015,"MUNICIPIO",4110904,"4639",4568,2296,2272,1081,2409,1078,526,1177,569
2015,"MUNICIPIO",4110953,"10236",9026,4549,4477,2112,5063,1851,1007,2502,968
2015,"MUNICIPIO",4111001,"6852",6759,3390,3369,1514,3483,1762,730,1730,909
2015,"MUNICIPIO",4111100,"6192",5979,2946,3033,1208,3277,1494,599,1670,764
2015,"MUNICIPIO",4111209,"11454",10531,5262,5269,2311,5559,2661,1114,2788,1367
2015,"MUNICIPIO",4111258,"26755",23887,11984,11903,7089,13574,3224,3514,6813,1576
2015,"MUNICIPIO",4111308,"3349",3583,1822,1761,870,1812,901,399,910,452
2015,"MUNICIPIO",4111407,"13628",12815,6684,6131,3470,6815,2530,1684,3173,1274
2015,"MUNICIPIO",4111506,"32710",31816,15420,16396,6649,16681,8486,3323,8597,4476
2015,"MUNICIPIO",4111555,"8013",7514,3808,3706,1660,4150,1704,810,2034,862
2015,"MUNICIPIO",4111605,"3201",3010,1436,1574,561,1739,710,272,935,367
2015,"MUNICIPIO",4111704,"5197",4902,2488,2414,1116,2574,1212,548,1265,601
2015,"MUNICIPIO",4111803,"40243",39121,19136,19985,8906,21225,8990,4348,10799,4838
2015,"MUNICIPIO",4111902,"13174",12225,6109,6116,2629,6744,2852,1259,3385,1472
2015,"MUNICIPIO",4112009,"34468",32606,16092,16514,8587,18056,5963,4243,9196,3075
2015,"MUNICIPIO",4112108,"21203",20269,9880,10389,4028,10812,5429,1982,5483,2924
2015,"MUNICIPIO",4112207,"6114",6532,3273,3259,1362,3312,1858,645,1670,944
2015,"MUNICIPIO",4112306,"5071",4903,2539,2364,1189,2456,1258,566,1184,614
2015,"MUNICIPIO",4112405,"9167",8549,4324,4225,1649,4548,2352,781,2215,1229
2015,"MUNICIPIO",4112504,"12191",12324,6269,6055,2702,6252,3370,1293,3086,1676
2015,"MUNICIPIO",4112603,"1409",1409,699,710,321,786,302,154,404,152
2015,"MUNICIPIO",4112702,"12504",11875,5873,6002,2971,6307,2597,1464,3172,1366
2015,"MUNICIPIO",4112751,"8964",9001,4469,4532,1753,4551,2697,868,2299,1365
2015,"MUNICIPIO",4112801,"11544",10736,5321,5415,2327,5735,2674,1138,2883,1394
2015,"MUNICIPIO",4112900,"3456",3433,1738,1695,814,1690,929,390,852,453
2015,"MUNICIPIO",4112959,"7697",7641,3815,3826,1675,4213,1753,818,2127,881
2015,"MUNICIPIO",4113007,"6963",6610,3260,3350,1463,3633,1514,750,1834,766
2015,"MUNICIPIO",4113106,"4438",4506,2288,2218,803,2286,1417,378,1134,706
2015,"MUNICIPIO",4113205,"47557",44932,22646,22286,10835,24521,9576,5301,12067,4918
2015,"MUNICIPIO",4113254,"6292",6360,3236,3124,2025,3280,1055,1019,1587,518
2015,"MUNICIPIO",4113304,"32133",30777,14992,15785,7741,16435,6601,3837,8465,3483
2015,"MUNICIPIO",4113403,"4165",4145,2054,2091,863,2131,1151,437,1079,575
2015,"MUNICIPIO",4113429,"3774",3973,1962,2011,761,2004,1208,385,1012,614
2015,"MUNICIPIO",4113452,"5187",5361,2792,2569,1279,2697,1385,577,1324,668
2015,"MUNICIPIO",4113502,"22603",21201,10447,10754,4676,11681,4844,2246,5919,2589
2015,"MUNICIPIO",4113601,"4690",4401,2234,2167,931,2487,983,420,1241,506
2015,"MUNICIPIO",4113700,"548249",506701,243059,263642,105275,280673,120753,51567,145142,66933
2015,"MUNICIPIO",4113734,"7471",7315,3736,3579,1840,3959,1516,896,1951,732
2015,"MUNICIPIO",4113759,"5127",5160,2559,2601,1131,2586,1443,575,1320,706
2015,"MUNICIPIO",4113809,"4859",4592,2261,2331,989,2438,1165,515,1224,592
2015,"MUNICIPIO",4113908,"13567",12973,6699,6274,2885,7035,3053,1425,3284,1565
2015,"MUNICIPIO",4114005,"13943",13961,6947,7014,3165,7467,3329,1559,3751,1704
2015,"MUNICIPIO",4114104,"21672",19781,9853,9928,4362,11037,4382,2146,5484,2298
2015,"MUNICIPIO",4114203,"34289",32658,16035,16623,6655,17694,8309,3251,8976,4396
2015,"MUNICIPIO",4114302,"24905",22220,11315,10905,5898,11744,4578,2903,5789,2213
2015,"MUNICIPIO",4114351,"2954",3127,1680,1447,812,1607,708,354,748,345
2015,"MUNICIPIO",4114401,"17334",17048,8439,8609,4679,9166,3203,2325,4667,1617
2015,"MUNICIPIO",4114500,"13660",13169,6527,6642,3400,6894,2875,1701,3475,1466
2015,"MUNICIPIO",4114609,"50808",46819,22833,23986,9513,26354,10952,4730,13373,5883
2015,"MUNICIPIO",4114708,"5982",5956,2993,2963,1207,3196,1553,605,1573,785
2015,"MUNICIPIO",4114807,"34388",31959,15795,16164,6622,17549,7788,3181,8897,4086
2015,"MUNICIPIO",4114906,"9078",8863,4500,4363,2051,4745,2067,985,2353,1025
2015,"MUNICIPIO",4115002,"7134",6858,3533,3325,1573,3630,1655,733,1771,821
2015,"MUNICIPIO",4115101,"10541",10224,5113,5111,2561,5391,2272,1262,2661,1188
2015,"MUNICIPIO",4115200,"397437",357077,171724,185353,66536,206473,84068,32522,106439,46392
2015,"MUNICIPIO",4115309,"6585",6268,3116,3152,1378,3302,1588,682,1655,815
2015,"MUNICIPIO",4115358,"5793",5684,2840,2844,1085,3016,1583,537,1482,825
2015,"MUNICIPIO",4115408,"14470",13900,6909,6991,3311,7257,3332,1678,3627,1686
2015,"MUNICIPIO",4115457,"4871",4981,2612,2369,1403,2535,1043,656,1229,484
2015,"MUNICIPIO",4115507,"4755",4603,2288,2315,936,2457,1210,460,1215,640
2015,"MUNICIPIO",4115606,"17340",16078,7968,8110,3836,8787,3455,1878,4438,1794
2015,"MUNICIPIO",4115705,"32591",29428,14335,15093,7264,15121,7043,3585,7770,3738
2015,"MUNICIPIO",4115739,"3668",3818,2029,1789,900,2008,910,432,952,405
2015,"MUNICIPIO",4115754,"9705",8555,4361,4194,2376,4790,1389,1163,2357,674
2015,"MUNICIPIO",4115804,"44885",41817,20567,21250,9179,24057,8581,4538,12100,4612
2015,"MUNICIPIO",4115853,"5398",5046,2524,2522,1098,2680,1268,532,1327,663
2015,"MUNICIPIO",4115903,"2334",2327,1180,1147,539,1270,518,269,614,264
2015,"MUNICIPIO",4116000,"1885",1862,923,939,351,937,574,174,464,301
2015,"MUNICIPIO",4116059,"10847",10474,5269,5205,2138,5454,2882,1038,2703,1464
2015,"MUNICIPIO",4116109,"12709",12606,6315,6291,2781,6396,3429,1354,3199,1738
2015,"MUNICIPIO",4116208,"16435",15718,7950,7768,3962,8028,3728,1993,3895,1880
2015,"MUNICIPIO",4116307,"3909",3672,1836,1836,749,1920,1003,379,949,508
2015,"MUNICIPIO",4116406,"4064",3836,1952,1884,796,2118,922,383,1026,475
2015,"MUNICIPIO",4116505,"1518",1431,718,713,328,813,290,178,388,147
2015,"MUNICIPIO",4116604,"3553",3478,1769,1709,812,1868,798,402,912,395
2015,"MUNICIPIO",4116703,"11537",11866,5828,6038,2420,6353,3093,1210,3216,1612
2015,"MUNICIPIO",4116802,"6650",7425,3757,3668,1803,3830,1792,882,1927,859
2015,"MUNICIPIO",4116901,"27886",26615,13019,13596,5651,14378,6586,2783,7233,3580
2015,"MUNICIPIO",4116950,"5206",5098,2657,2441,1233,2644,1221,567,1275,599
2015,"MUNICIPIO",4117008,"8359",8147,4034,4113,1861,4237,2049,912,2125,1076
2015,"MUNICIPIO",4117057,"11968",11241,5691,5550,3354,5557,2330,1687,2739,1124
2015,"MUNICIPIO",4117107,"13470",13067,6425,6642,2973,7136,2958,1459,3644,1539
2015,"MUNICIPIO",4117206,"5782",5503,2691,2812,1098,2896,1509,559,1465,788
2015,"MUNICIPIO",4117214,"4163",3908,1896,2012,898,2011,999,457,1028,527
2015,"MUNICIPIO",4117222,"8092",7626,3791,3835,1555,4013,2058,750,1989,1096
2015,"MUNICIPIO",4117255,"10722",10377,5225,5152,2381,5579,2417,1138,2763,1251
2015,"MUNICIPIO",4117271,"6792",7398,3814,3584,1788,3688,1922,836,1835,913
2015,"MUNICIPIO",4117297,"2907",2827,1485,1342,546,1499,782,251,720,371
2015,"MUNICIPIO",4117305,"23418",23380,12078,11302,6247,11986,5147,3065,5871,2366
2015,"MUNICIPIO",4117404,"3488",3380,1705,1675,652,1805,923,317,893,465
2015,"MUNICIPIO",4117453,"5976",5692,2867,2825,1286,3093,1313,630,1537,658
2015,"MUNICIPIO",4117503,"39291",35936,17822,18114,8168,20606,7162,4005,10348,3761
2015,"MUNICIPIO",4117602,"47674",42888,21183,21705,13088,23166,6634,6462,11716,3527
2015,"MUNICIPIO",4117701,"33753",32123,16046,16077,7828,17697,6598,3846,8787,3444
2015,"MUNICIPIO",4117800,"14477",14865,7513,7352,4211,7555,3099,2067,3734,1551
2015,"MUNICIPIO",4117909,"30859",28683,13997,14686,6095,16059,6529,3006,8201,3479
2015,"MUNICIPIO",4118006,"13011",11772,5851,5921,2569,6607,2596,1295,3261,1365
2015,"MUNICIPIO",4118105,"11069",10250,5115,5135,2520,5684,2046,1230,2843,1062
2015,"MUNICIPIO",4118204,"150660",140469,69306,71163,37300,77742,25427,18356,39289,13518
2015,"MUNICIPIO",4118303,"3050",2791,1383,1408,666,1591,534,333,793,282
2015,"MUNICIPIO",4118402,"86773",81590,39282,42308,17327,44359,19904,8534,22923,10851
2015,"MUNICIPIO",4118451,"5304",4822,2368,2454,1033,2591,1198,518,1307,629
2015,"MUNICIPIO",4118501,"79011",72370,34984,37386,16184,41156,15030,7983,21250,8153
2015,"MUNICIPIO",4118600,"5773",5434,2802,2632,1259,2905,1270,594,1388,650
2015,"MUNICIPIO",4118709,"7291",6913,3633,3280,1541,3686,1686,750,1722,808
2015,"MUNICIPIO",4118808,"14144",13624,6731,6893,3070,7276,3278,1459,3670,1764
2015,"MUNICIPIO",4118857,"5995",5653,2825,2828,1215,3054,1384,592,1526,710
2015,"MUNICIPIO",4118907,"10937",10208,5004,5204,1910,5402,2896,953,2752,1499
2015,"MUNICIPIO",4119004,"6746",6761,3401,3360,1479,3386,1896,727,1681,952
2015,"MUNICIPIO",4119103,"12211",11236,5759,5477,2884,6272,2080,1440,3018,1019
2015,"MUNICIPIO",4119152,"127045",117008,56809,60199,27931,68187,20890,13919,34868,11412
2015,"MUNICIPIO",4119202,"6425",6215,3165,3050,1394,3252,1569,693,1586,771
2015,"MUNICIPIO",4119251,"2740",2625,1369,1256,705,1307,613,316,648,292
2015,"MUNICIPIO",4119301,"31978",30208,15181,15027,9295,15727,5186,4550,7941,2536
2015,"MUNICIPIO",4119400,"24953",23424,11620,11804,6077,12416,4931,3012,6222,2570
2015,"MUNICIPIO",4119509,"104481",93207,48194,45013,25485,54340,13382,12331,25664,7018
2015,"MUNICIPIO",4119608,"32419",32638,16250,16388,8109,17642,6887,4005,8895,3488
2015,"MUNICIPIO",4119657,"3073",2814,1441,1373,665,1512,637,319,743,311
2015,"MUNICIPIO",4119707,"4277",4095,2070,2025,924,2201,970,460,1086,479
2015,"MUNICIPIO",4119806,"13926",13654,6849,6805,2765,7152,3737,1364,3495,1946
2015,"MUNICIPIO",4119905,"337865",311611,151362,160249,76548,171600,63463,37736,87226,35287
2015,"MUNICIPIO",4119954,"24352",20920,10357,10563,4998,10574,5348,2488,5373,2702
2015,"MUNICIPIO",4120002,"13973",14189,7036,7153,2940,7576,3673,1433,3815,1905
2015,"MUNICIPIO",4120101,"4782",4514,2256,2258,1131,2466,917,549,1213,496
2015,"MUNICIPIO",4120150,"3564",3663,1915,1748,912,1906,845,441,920,387
2015,"MUNICIPIO",4120200,"2608",2530,1284,1246,577,1380,573,278,676,292
2015,"MUNICIPIO",4120309,"4143",4020,2061,1959,1023,2051,946,492,989,478
2015,"MUNICIPIO",4120333,"3668",3434,1740,1694,767,1852,815,389,914,391
2015,"MUNICIPIO",4120358,"5558",5628,2816,2812,1162,2959,1507,578,1461,773
2015,"MUNICIPIO",4120408,"5144",4784,2455,2329,1123,2699,962,536,1298,495
2015,"MUNICIPIO",4120507,"11243",10832,5401,5431,2113,5656,3063,1037,2836,1558
2015,"MUNICIPIO",4120606,"51567",48792,24891,23901,12103,25887,10802,5961,12367,5573
2015,"MUNICIPIO",4120655,"4824",4856,2391,2465,1047,2704,1105,534,1371,560
2015,"MUNICIPIO",4120705,"7410",7045,3453,3592,1362,3822,1861,650,1985,957
2015,"MUNICIPIO",4120804,"22048",19851,9955,9896,4950,11429,3472,2364,5750,1782
2015,"MUNICIPIO",4120853,"3998",3803,1850,1953,738,2016,1049,378,1019,556
2015,"MUNICIPIO",4120903,"32982",30605,15397,15208,8487,16066,6052,4170,7954,3084
2015,"MUNICIPIO",4121000,"12247",11729,5937,5792,2843,6377,2509,1394,3178,1220
2015,"MUNICIPIO",4121109,"4985",5088,2545,2543,1133,2724,1231,527,1371,645
2015,"MUNICIPIO",4121208,"18419",17089,8837,8252,4171,9049,3869,2023,4331,1898
2015,"MUNICIPIO",4121257,"4385",4134,2124,2010,1109,2161,864,552,1049,409
2015,"MUNICIPIO",4121307,"3990",3955,1953,2002,806,2013,1136,383,1022,597
2015,"MUNICIPIO",4121356,"2833",2847,1414,1433,627,1547,673,308,781,344
2015,"MUNICIPIO",4121406,"17023",16338,8004,8334,3524,8821,3993,1769,4454,2111
2015,"MUNICIPIO",4121505,"14869",14176,7201,6975,3545,7497,3134,1708,3702,1565
2015,"MUNICIPIO",4121604,"6984",6812,3427,3385,1675,3557,1580,860,1736,789
2015,"MUNICIPIO",4121703,"26522",25172,12926,12246,7305,13044,4823,3546,6387,2313
2015,"MUNICIPIO",4121752,"7815",7307,3747,3560,2350,3849,1108,1173,1890,497
2015,"MUNICIPIO",4121802,"10949",10678,5272,5406,2254,5573,2851,1143,2769,1494
2015,"MUNICIPIO",4121901,"13646",13524,6731,6793,3207,6850,3467,1509,3467,1817
2015,"MUNICIPIO",4122008,"15014",14093,7340,6753,3495,7666,2932,1730,3573,1450
2015,"MUNICIPIO",4122107,"3360",3334,1742,1592,673,1672,989,308,807,477
2015,"MUNICIPIO",4122156,"13538",13661,7059,6602,4050,7070,2541,1980,3424,1198
2015,"MUNICIPIO",4122172,"4088",3898,1962,1936,1069,2049,780,548,1013,375
2015,"MUNICIPIO",4122206,"32232",30650,15546,15104,8441,17122,5087,4105,8529,2470
2015,"MUNICIPIO",4122305,"33395",31274,15570,15704,7622,17101,6551,3697,8502,3505
2015,"MUNICIPIO",4122404,"63316",57862,28459,29403,12249,32309,13304,5979,16342,7082
2015,"MUNICIPIO",4122503,"11065",11537,5823,5714,2719,6096,2722,1315,3038,1361
2015,"MUNICIPIO",4122602,"9488",8996,4564,4432,2028,4956,2012,969,2458,1005
2015,"MUNICIPIO",4122651,"5367",5588,2831,2757,1297,2832,1459,639,1417,701
2015,"MUNICIPIO",4122701,"6585",6096,3051,3045,1261,3360,1475,632,1678,735
2015,"MUNICIPIO",4122800,"4142",4403,2248,2155,1083,2244,1076,532,1085,538
2015,"MUNICIPIO",4122909,"5201",5178,2614,2564,1077,2582,1519,538,1265,761
2015,"MUNICIPIO",4123006,"14539",13689,6941,6748,3168,7457,3064,1525,3678,1545
2015,"MUNICIPIO",4123105,"3684",3803,1906,1897,899,1898,1006,426,958,513
2015,"MUNICIPIO",4123204,"3597",3646,1804,1842,825,1865,956,407,942,493
2015,"MUNICIPIO",4123303,"8166",8092,4051,4041,1707,4309,2076,807,2160,1074
2015,"MUNICIPIO",4123402,"11431",10432,5118,5314,2092,5730,2610,1036,2911,1367
2015,"MUNICIPIO",4123501,"25415",23413,11506,11907,5056,12740,5617,2456,6529,2922
2015,"MUNICIPIO",4123600,"1765",1818,927,891,380,989,449,193,471,227
2015,"MUNICIPIO",4123709,"8896",8760,4387,4373,1748,4528,2484,842,2270,1261
2015,"MUNICIPIO",4123808,"14165",13132,6628,6504,2994,6986,3152,1398,3461,1645
2015,"MUNICIPIO",4123824,"3976",3925,1959,1966,915,1936,1074,461,973,532
2015,"MUNICIPIO",4123857,"11009",11500,5913,5587,3111,5931,2458,1528,2887,1172
2015,"MUNICIPIO",4123907,"12432",12435,6171,6264,2476,6321,3638,1188,3176,1900
2015,"MUNICIPIO",4123956,"3849",3571,1843,1728,898,1933,740,428,938,362
2015,"MUNICIPIO",4124004,"5267",5249,2643,2606,1248,2672,1329,628,1311,667
2015,"MUNICIPIO",4124020,"10509",10332,5248,5084,2607,5815,1910,1239,2889,956
2015,"MUNICIPIO",4124053,"22570",20841,10197,10644,4951,11774,4116,2407,6083,2154
2015,"MUNICIPIO",4124103,"45299",42707,21003,21704,10051,22683,9973,4928,11479,5297
2015,"MUNICIPIO",4124202,"2757",2727,1346,1381,586,1443,698,301,718,362
2015,"MUNICIPIO",4124301,"2333",2408,1200,1208,557,1210,641,264,626,318
2015,"MUNICIPIO",4124400,"19958",18893,9265,9628,4952,9579,4362,2498,4901,2229
2015,"MUNICIPIO",4124509,"5481",5269,2663,2606,1084,2946,1239,519,1447,640
2015,"MUNICIPIO",4124608,"6756",6354,3254,3100,1413,3551,1390,672,1725,703
2015,"MUNICIPIO",4124707,"11553",11337,5846,5491,2925,5770,2642,1444,2792,1255
2015,"MUNICIPIO",4124806,"10709",10599,5240,5359,2245,5409,2945,1099,2728,1532
2015,"MUNICIPIO",4124905,"6038",5911,2925,2986,1384,3130,1397,676,1557,753
2015,"MUNICIPIO",4125001,"11228",11525,5678,5847,2345,5889,3291,1181,2988,1678
2015,"MUNICIPIO",4125100,"14700",13704,7208,6496,3630,7504,2570,1773,3505,1218
2015,"MUNICIPIO",4125209,"9302",9085,4546,4539,1863,4840,2382,903,2427,1209
2015,"MUNICIPIO",4125308,"5674",5517,2724,2793,1088,2871,1558,530,1448,815
2015,"MUNICIPIO",4125357,"6015",6041,3068,2973,1127,3157,1757,556,1561,856
2015,"MUNICIPIO",4125407,"6539",6511,3363,3148,1547,3241,1723,755,1566,827
2015,"MUNICIPIO",4125456,"3847",3830,1926,1904,860,2017,953,412,1020,472
2015,"MUNICIPIO",4125506,"297895",264210,130597,133613,66506,154659,43045,32716,78003,22894
2015,"MUNICIPIO",4125555,"2180",2098,1054,1044,431,1094,573,222,530,292
2015,"MUNICIPIO",4125605,"44594",41257,20781,20476,10262,23047,7948,5011,11424,4041
2015,"MUNICIPIO",4125704,"27197",25769,12857,12912,6038,14244,5487,2863,7212,2837
2015,"MUNICIPIO",4125753,"6388",6491,3292,3199,1447,3311,1733,703,1653,843
2015,"MUNICIPIO",4125803,"10799",10167,5115,5052,2248,5616,2303,1096,2778,1178
2015,"MUNICIPIO",4125902,"2474",2491,1261,1230,541,1311,639,256,651,323
2015,"MUNICIPIO",4126009,"8952",8626,4256,4370,1968,4591,2067,977,2314,1079
2015,"MUNICIPIO",4126108,"5657",5349,2696,2653,1159,2970,1220,563,1463,627
2015,"MUNICIPIO",4126207,"6908",6736,3507,3229,1746,3496,1494,830,1681,718
2015,"MUNICIPIO",4126256,"90376",82847,40830,42017,19929,46989,15929,9735,23801,8481
2015,"MUNICIPIO",4126272,"5372",5028,2537,2491,1322,2619,1087,657,1300,534
2015,"MUNICIPIO",4126306,"19302",18414,9463,8951,5186,9939,3289,2550,4877,1524
2015,"MUNICIPIO",4126355,"4652",4568,2229,2339,881,2363,1324,455,1189,695
2015,"MUNICIPIO",4126405,"5724",5817,2896,2921,1163,2941,1713,540,1484,897
2015,"MUNICIPIO",4126504,"16373",15638,7748,7890,3220,8444,3974,1574,4208,2108
2015,"MUNICIPIO",4126603,"20094",18454,9206,9248,4042,9951,4461,1954,5004,2290
2015,"MUNICIPIO",4126652,"3293",3394,1713,1681,742,1680,972,362,829,490
2015,"MUNICIPIO",4126678,"13730",12262,6276,5986,3352,6473,2437,1628,3218,1140
2015,"MUNICIPIO",4126702,"4991",4664,2309,2355,927,2551,1186,453,1273,629
2015,"MUNICIPIO",4126801,"15704",14598,7305,7293,3383,8224,2991,1677,4099,1517
2015,"MUNICIPIO",4126900,"5851",5836,2918,2918,1203,2935,1698,602,1465,851
2015,"MUNICIPIO",4127007,"11495",10283,5332,4951,2768,5537,1978,1361,2673,917
2015,"MUNICIPIO",4127106,"75809",69872,34386,35486,17951,38049,13872,8886,19270,7330
2015,"MUNICIPIO",4127205,"16781",15776,7822,7954,3266,8744,3766,1607,4391,1956
2015,"MUNICIPIO",4127304,"16326",15221,7609,7612,3425,8177,3619,1648,4101,1863
2015,"MUNICIPIO",4127403,"17517",16759,8295,8464,3554,8994,4211,1753,4524,2187
2015,"MUNICIPIO",4127502,"20377",19344,9804,9540,5586,10029,3729,2694,5007,1839
2015,"MUNICIPIO",4127601,"15970",14537,7546,6991,3821,7646,3070,1838,3676,1477
2015,"MUNICIPIO",4127700,"132077",119313,58337,60976,25584,69960,23769,12681,35592,12703
2015,"MUNICIPIO",4127809,"8619",8791,4530,4261,1845,4535,2411,896,2187,1178
2015,"MUNICIPIO",4127858,"12227",11824,5994,5830,3060,6179,2585,1479,3068,1283
2015,"MUNICIPIO",4127882,"7559",6256,3271,2985,2098,3314,844,1010,1580,395
2015,"MUNICIPIO",4127908,"8860",8695,4441,4254,1970,4740,1985,979,2297,978
2015,"MUNICIPIO",4127957,"8261",7997,4051,3946,1720,4064,2213,795,2038,1113
2015,"MUNICIPIO",4127965,"13785",13811,6980,6831,3741,7376,2694,1869,3651,1311
2015,"MUNICIPIO",4128005,"21864",21558,10504,11054,4489,11597,5472,2240,5968,2846
2015,"MUNICIPIO",4128104,"108218",100676,48788,51888,20295,56959,23422,10059,29191,12638
2015,"MUNICIPIO",4128203,"56265",52735,25818,26917,13054,28477,11204,6279,14503,6135
2015,"MUNICIPIO",4128302,"2593",2466,1232,1234,538,1362,566,277,677,280
2015,"MUNICIPIO",4128401,"11695",11472,5681,5791,2347,5835,3290,1145,2934,1712
2015,"MUNICIPIO",4128500,"19847",19298,9511,9787,4616,9922,4760,2289,5045,2453
2015,"MUNICIPIO",4128534,"11093",9957,5144,4813,2710,5412,1835,1316,2638,859
2015,"MUNICIPIO",4128559,"8998",8973,4411,4562,2013,4629,2331,1024,2361,1177
2015,"MUNICIPIO",4128609,"7799",7878,3938,3940,1620,4157,2101,820,2041,1079
2015,"MUNICIPIO",4128625,"3077",3206,1619,1587,757,1693,756,353,862,372
2015,"MUNICIPIO",4128633,"5808",5727,2980,2747,1725,2931,1071,854,1382,511
2015,"MUNICIPIO",4128658,"4085",3950,1999,1951,963,2058,929,482,995,474
2015,"MUNICIPIO",4128708,"6828",6513,3230,3283,1517,3438,1558,748,1716,819
2015,"MUNICIPIO",4128807,"6016",6012,2998,3014,1252,3020,1740,633,1492,889
