"ANO","NIVEL","CODMUNRES","TO","TORC","TORCR","TO_NN","TO_N","TO_CB_I","TO_CB_N","TO_CB_C","TO_CB_R","TO_CB_O","TO_M","TO_F","TO_F_IF","TO_FT","TO_NT","TO_NT_P","TO_NT_T","TO_PNT","TO_MT_G","TONT_B","TONT_PT","TONT_A","TONT_PD","TONT_I","TO_MT","TO_MT_DG","TO_MT_PT","TO_MT_AB","TO_MT_42","TO_MT_43","TO_MT_P","TO_MT_P_I","TO_MT_P_ES","TO_MT_P_EFI","TO_MT_P_EFII","TO_MT_P_EM","TO_MT_P_ESI","TO_MT_P_ESC"
2015,"UF",41,70839,0,0,8723,62116,2404,13895,20379,8377,17061,40449,30379,3430,0,1267,943,324,491,8,1090,5,6,112,5,1714,30,3,7,57,50,97,95,2,8,33,37,5,7
2015,"MUNICIPIO",410000,102,0,0,63,39,2,0,5,5,27,87,10,1,0,0,0,0,0,0,0,0,0,0,0,0,0,0,0,0,0,0,0,0,0,0,0,0,0
2015,"MUNICIPIO",410010,74,0,0,8,66,1,9,32,10,14,47,27,1,0,1,1,0,0,0,1,0,0,0,0,1,0,0,0,0,0,0,0,0,0,0,0,0,0
2015,"MUNICIPIO",410020,58,0,0,8,50,0,13,21,5,11,32,26,3,0,0,0,0,1,0,0,0,0,0,0,1,0,0,0,0,0,0,0,0,0,0,0,0,0
2015,"MUNICIPIO",410030,49,0,0,8,41,2,9,16,5,9,26,23,3,0,0,0,0,2,0,0,0,0,0,0,2,0,0,0,0,1,0,0,0,0,0,0,0,0
2015,"MUNICIPIO",410040,650,0,0,130,520,29,126,170,64,131,389,261,37,0,9,5,4,7,0,8,0,0,0,0,16,0,0,1,0,1,1,1,0,0,0,1,0,0
2015,"MUNICIPIO",410045,25,0,0,6,19,0,6,9,2,2,19,6,1,0,1,1,0,0,0,1,0,0,0,0,1,0,0,0,0,0,0,0,0,0,0,0,0,0
2015,"MUNICIPIO",410050,174,0,0,17,157,22,24,50,24,37,98,76,8,0,3,3,0,1,1,2,0,0,1,0,4,0,0,0,0,0,0,0,0,0,0,0,0,0
2015,"MUNICIPIO",410060,104,0,0,12,92,7,18,32,10,25,65,39,5,0,1,1,0,0,0,0,0,0,1,0,1,0,0,0,0,0,0,0,0,0,0,0,0,0
2015,"MUNICIPIO",410070,81,0,0,8,73,5,23,18,8,19,47,34,3,0,2,1,1,1,0,1,0,0,1,0,3,0,0,0,0,0,0,0,0,0,0,0,0,0
2015,"MUNICIPIO",410080,64,0,0,8,56,4,11,19,9,13,39,25,1,0,0,0,0,0,0,0,0,0,0,0,0,0,0,0,0,0,0,0,0,0,0,0,0,0
2015,"MUNICIPIO",410090,34,0,0,5,29,2,5,13,2,7,18,16,4,0,1,1,0,0,0,1,0,0,0,0,1,1,0,0,0,0,1,1,0,0,1,0,0,0
2015,"MUNICIPIO",410100,132,0,0,11,121,2,31,30,19,39,83,49,2,0,4,3,1,1,0,3,0,0,1,0,5,0,0,0,0,0,0,0,0,0,0,0,0,0
2015,"MUNICIPIO",410105,29,0,0,3,26,0,7,12,4,3,14,15,1,0,0,0,0,0,0,0,0,0,0,0,0,0,0,0,0,0,0,0,0,0,0,0,0,0
2015,"MUNICIPIO",410110,208,0,0,18,190,4,31,66,32,57,121,87,11,0,1,1,0,1,0,1,0,0,0,0,2,0,0,0,0,0,0,0,0,0,0,0,0,0
2015,"MUNICIPIO",410115,22,0,0,1,21,2,4,7,0,8,14,8,2,0,0,0,0,0,0,0,0,0,0,0,0,0,0,0,0,0,0,0,0,0,0,0,0,0
2015,"MUNICIPIO",410120,156,0,0,15,141,12,18,38,19,54,92,64,8,0,1,1,0,0,0,0,0,0,1,0,1,0,0,0,0,0,0,0,0,0,0,0,0,0
2015,"MUNICIPIO",410130,71,0,0,7,64,3,18,20,14,9,40,31,5,0,2,2,0,0,0,2,0,0,0,0,2,0,0,0,0,0,0,0,0,0,0,0,0,0
2015,"MUNICIPIO",410140,866,0,0,87,779,29,135,333,119,163,486,380,42,0,19,14,5,4,0,19,0,0,0,0,23,0,0,0,1,0,1,1,0,1,0,0,0,0
2015,"MUNICIPIO",410150,768,0,0,88,680,20,121,226,110,203,433,335,39,0,19,15,4,7,0,17,1,0,1,0,26,0,0,1,0,0,1,1,0,0,0,1,0,0
2015,"MUNICIPIO",410160,185,0,0,25,160,3,29,69,21,38,98,87,10,0,5,3,2,4,0,4,0,0,1,0,9,0,0,0,0,1,0,0,0,0,0,0,0,0
2015,"MUNICIPIO",410165,30,0,0,8,22,1,6,7,2,6,18,12,0,0,0,0,0,0,0,0,0,0,0,0,0,0,0,0,0,0,0,0,0,0,0,0,0,0
2015,"MUNICIPIO",410170,118,0,0,15,103,5,27,35,12,24,74,44,2,0,1,0,1,1,0,1,0,0,0,0,1,0,0,0,0,0,0,0,0,0,0,0,0,0
2015,"MUNICIPIO",410180,680,0,0,127,553,34,147,140,49,183,428,252,36,0,16,13,3,5,0,13,0,0,3,0,22,0,0,0,0,3,0,0,0,0,0,0,0,0
2015,"MUNICIPIO",410185,23,0,0,5,18,0,2,2,6,8,14,9,0,0,0,0,0,0,0,0,0,0,0,0,0,0,0,0,0,0,0,0,0,0,0,0,0,0
2015,"MUNICIPIO",410190,143,0,0,14,129,8,31,35,13,42,79,64,12,0,4,2,2,0,0,3,0,0,1,0,4,0,0,0,0,0,0,0,0,0,0,0,0,0
2015,"MUNICIPIO",410200,288,0,0,36,252,11,52,94,23,72,178,110,14,0,4,3,1,2,0,3,0,0,1,0,6,0,0,0,1,0,1,1,0,0,1,0,0,0
2015,"MUNICIPIO",410210,174,0,0,23,151,4,37,59,12,39,107,67,3,0,5,2,3,0,0,5,0,0,0,0,5,0,0,0,0,0,0,0,0,0,0,0,0,0
2015,"MUNICIPIO",410220,46,0,0,10,36,1,6,13,6,10,22,24,1,0,3,3,0,0,0,3,0,0,0,0,3,0,0,0,0,0,0,0,0,0,0,0,0,0
2015,"MUNICIPIO",410230,83,0,0,14,69,3,13,29,10,14,52,31,7,0,0,0,0,2,0,0,0,0,0,0,2,0,0,0,0,0,0,0,0,0,0,0,0,0
2015,"MUNICIPIO",410240,281,0,0,18,263,10,49,103,49,52,160,121,9,0,3,3,0,0,0,2,0,0,1,0,3,0,0,0,0,0,0,0,0,0,0,0,0,0
2015,"MUNICIPIO",410250,99,0,0,8,91,3,13,48,8,19,70,29,1,0,2,2,0,0,0,1,0,0,1,0,2,0,0,0,0,0,0,0,0,0,0,0,0,0
2015,"MUNICIPIO",410260,56,0,0,10,46,1,13,16,8,8,36,20,2,0,0,0,0,1,0,0,0,0,0,0,1,0,0,0,0,0,0,0,0,0,0,0,0,0
2015,"MUNICIPIO",410270,23,0,0,0,23,1,2,9,5,6,10,13,1,0,0,0,0,0,0,0,0,0,0,0,0,0,0,0,0,0,0,0,0,0,0,0,0,0
2015,"MUNICIPIO",410275,26,0,0,0,26,1,8,10,4,3,15,11,0,0,0,0,0,0,0,0,0,0,0,0,0,0,0,0,0,0,0,0,0,0,0,0,0,0
2015,"MUNICIPIO",410280,141,0,0,24,117,4,24,40,21,28,90,51,4,0,3,2,1,3,0,2,0,0,1,0,6,0,0,0,0,0,0,0,0,0,0,0,0,0
2015,"MUNICIPIO",410290,122,0,0,14,108,6,23,42,17,20,75,47,2,0,1,0,1,1,0,1,0,0,0,0,2,0,0,0,0,0,0,0,0,0,0,0,0,0
2015,"MUNICIPIO",410300,42,0,0,3,39,0,8,19,3,9,26,16,1,0,1,1,0,0,0,1,0,0,0,0,1,0,0,0,0,0,0,0,0,0,0,0,0,0
2015,"MUNICIPIO",410302,12,0,0,0,12,0,3,4,3,2,7,5,0,0,0,0,0,0,0,0,0,0,0,0,0,0,0,0,0,0,0,0,0,0,0,0,0,0
2015,"MUNICIPIO",410304,33,0,0,5,28,3,7,3,5,10,17,16,0,0,2,1,1,0,0,2,0,0,0,0,2,0,0,0,0,0,0,0,0,0,0,0,0,0
2015,"MUNICIPIO",410305,66,0,0,12,54,0,13,16,10,15,42,24,6,0,1,1,0,0,0,1,0,0,0,0,1,0,0,0,0,0,0,0,0,0,0,0,0,0
2015,"MUNICIPIO",410310,73,0,0,8,65,3,13,23,8,18,41,32,4,0,6,3,3,1,0,6,0,0,0,0,8,0,0,0,0,0,0,0,0,0,0,0,0,0
2015,"MUNICIPIO",410315,22,0,0,1,21,0,9,6,2,4,15,7,1,0,1,1,0,0,0,1,0,0,0,0,1,0,0,0,0,0,0,0,0,0,0,0,0,0
2015,"MUNICIPIO",410320,51,0,0,4,47,1,8,20,8,10,28,23,2,0,1,1,0,0,0,1,0,0,0,0,1,0,0,0,0,0,0,0,0,0,0,0,0,0
2015,"MUNICIPIO",410322,28,0,0,3,25,1,7,5,4,8,24,4,0,0,0,0,0,0,0,0,0,0,0,0,0,0,0,0,0,0,0,0,0,0,0,0,0,0
2015,"MUNICIPIO",410330,86,0,0,10,76,3,12,31,5,25,42,44,3,0,4,1,3,0,0,4,0,0,0,0,4,0,0,0,0,0,0,0,0,0,0,0,0,0
2015,"MUNICIPIO",410335,42,0,0,5,37,0,9,14,4,10,26,16,2,0,0,0,0,2,0,0,0,0,0,0,2,0,0,0,0,0,0,0,0,0,0,0,0,0
2015,"MUNICIPIO",410337,23,0,0,2,21,3,3,10,2,3,17,6,0,0,1,0,1,0,0,0,0,0,1,0,1,0,0,0,0,0,0,0,0,0,0,0,0,0
2015,"MUNICIPIO",410340,20,0,0,1,19,1,4,5,4,5,14,6,0,0,0,0,0,0,0,0,0,0,0,0,0,0,0,0,0,0,0,0,0,0,0,0,0,0
2015,"MUNICIPIO",410345,61,0,0,7,54,1,14,18,11,10,38,23,3,0,1,0,1,1,0,0,0,0,1,0,2,0,0,0,0,0,0,0,0,0,0,0,0,0
2015,"MUNICIPIO",410347,32,0,0,8,24,1,2,5,5,11,17,15,3,0,2,2,0,0,0,2,0,0,0,0,2,0,0,0,0,0,0,0,0,0,0,0,0,0
2015,"MUNICIPIO",410350,65,0,0,3,62,1,12,26,11,12,30,35,2,0,0,0,0,0,0,0,0,0,0,0,0,0,0,0,0,0,0,0,0,0,0,0,0,0
2015,"MUNICIPIO",410360,221,0,0,11,210,3,40,73,33,61,114,107,10,0,2,1,1,2,0,1,0,0,1,0,4,0,0,0,1,0,1,1,0,0,0,1,0,0
2015,"MUNICIPIO",410370,656,0,0,69,587,16,153,145,121,152,385,271,28,0,10,9,1,4,0,9,0,0,1,0,14,0,0,0,1,0,1,1,0,0,1,0,0,0
2015,"MUNICIPIO",410380,62,0,0,9,53,0,5,18,12,18,37,25,1,0,2,1,1,0,0,2,0,0,0,0,2,0,0,0,0,0,0,0,0,0,0,0,0,0
2015,"MUNICIPIO",410390,117,0,0,12,105,1,13,57,14,20,77,40,3,0,1,1,0,1,0,1,0,0,0,0,1,0,0,0,0,0,0,0,0,0,0,0,0,0
2015,"MUNICIPIO",410395,23,0,0,1,22,1,6,12,2,1,12,11,1,0,0,0,0,0,0,0,0,0,0,0,1,0,0,0,0,0,0,0,0,0,0,0,0,0
2015,"MUNICIPIO",410400,258,0,0,43,215,16,52,75,33,39,163,95,15,0,10,7,3,4,0,6,0,0,2,0,14,0,0,0,0,0,0,0,0,0,0,0,0,0
2015,"MUNICIPIO",410405,30,0,0,7,23,0,7,8,1,7,16,14,2,0,2,1,1,1,0,2,0,0,0,0,3,0,0,0,0,0,0,0,0,0,0,0,0,0
2015,"MUNICIPIO",410410,50,0,0,6,44,2,15,9,8,10,30,20,2,0,3,1,2,1,0,3,0,0,0,0,4,0,0,0,0,0,0,0,0,0,0,0,0,0
2015,"MUNICIPIO",410420,731,0,0,98,633,30,141,223,115,124,441,290,27,0,15,9,6,10,0,14,0,0,0,0,24,0,1,0,0,1,1,1,0,0,0,0,0,1
2015,"MUNICIPIO",410425,158,0,0,24,134,9,22,48,18,37,101,57,11,0,2,1,1,1,0,2,0,0,0,0,3,0,0,0,0,0,0,0,0,0,0,0,0,0
2015,"MUNICIPIO",410430,661,0,0,94,567,14,137,171,106,139,374,287,39,0,8,4,4,3,0,7,0,0,1,0,12,0,0,0,0,1,0,0,0,0,0,0,0,0
2015,"MUNICIPIO",410440,119,0,0,24,95,3,20,39,13,20,74,45,3,0,1,1,0,2,0,1,0,0,0,0,3,0,0,0,0,0,0,0,0,0,0,0,0,0
2015,"MUNICIPIO",410442,106,0,0,13,93,0,19,34,14,26,59,47,6,0,2,1,1,1,0,2,0,0,0,0,3,0,0,0,0,0,0,0,0,0,0,0,0,0
2015,"MUNICIPIO",410445,93,0,0,15,78,1,19,38,5,15,55,38,8,0,3,3,0,1,0,2,1,0,0,0,5,0,0,0,0,0,0,0,0,0,0,0,0,0
2015,"MUNICIPIO",410450,143,0,0,14,129,9,23,56,17,24,79,64,4,0,1,1,0,1,0,1,0,0,0,0,2,0,0,0,0,0,0,0,0,0,0,0,0,0
2015,"MUNICIPIO",410460,81,0,0,9,72,2,16,30,12,12,50,31,5,0,1,0,1,1,0,1,0,0,0,0,2,0,0,0,0,0,0,0,0,0,0,0,0,0
2015,"MUNICIPIO",410465,88,0,0,11,77,4,13,17,14,29,52,36,6,0,1,1,0,0,0,1,0,0,0,0,1,0,0,0,0,0,0,0,0,0,0,0,0,0
2015,"MUNICIPIO",410470,125,0,0,14,111,6,17,38,15,35,72,53,9,0,1,0,1,0,0,1,0,0,0,0,1,0,0,0,1,1,1,1,0,0,1,0,0,0
2015,"MUNICIPIO",410480,1704,0,0,243,1461,49,395,447,190,380,978,726,97,0,31,21,10,16,0,27,0,0,1,0,47,1,0,0,2,1,3,3,0,0,2,0,1,0
2015,"MUNICIPIO",410490,403,0,0,41,362,14,76,84,40,148,233,170,21,0,9,7,2,8,1,9,0,0,0,0,17,0,0,0,0,0,0,0,0,0,0,0,0,0
2015,"MUNICIPIO",410500,49,0,0,9,40,0,9,13,9,9,34,15,3,0,0,0,0,0,0,0,0,0,0,0,0,0,0,0,0,0,0,0,0,0,0,0,0,0
2015,"MUNICIPIO",410510,89,0,0,8,81,2,11,31,10,27,57,32,3,0,1,1,0,0,0,1,0,0,0,0,1,0,0,0,0,0,0,0,0,0,0,0,0,0
2015,"MUNICIPIO",410520,123,0,0,13,110,2,24,36,16,32,68,55,8,0,4,3,1,2,0,3,0,0,1,0,6,0,0,0,0,0,0,0,0,0,0,0,0,0
2015,"MUNICIPIO",410530,77,0,0,5,72,1,17,22,7,25,37,40,3,0,2,2,0,0,0,2,0,0,0,0,2,0,0,0,0,0,0,0,0,0,0,0,0,0
2015,"MUNICIPIO",410540,148,0,0,13,135,5,42,43,13,32,84,64,6,0,2,2,0,0,0,2,0,0,0,0,2,0,0,0,0,0,0,0,0,0,0,0,0,0
2015,"MUNICIPIO",410550,452,0,0,59,393,14,81,146,39,113,267,185,28,0,5,3,2,4,0,4,0,0,1,0,8,0,0,0,2,1,2,2,0,0,0,2,0,0
2015,"MUNICIPIO",410560,63,0,0,6,57,1,16,19,5,16,36,27,2,0,3,3,0,0,0,3,0,0,0,0,1,0,0,0,0,0,0,0,0,0,0,0,0,0
2015,"MUNICIPIO",410570,139,0,0,10,129,5,22,42,22,38,63,76,6,0,3,3,0,2,0,2,0,0,1,0,5,1,0,0,0,0,1,1,0,0,0,1,0,0
2015,"MUNICIPIO",410580,1322,0,0,211,1111,57,256,352,133,313,773,549,94,0,21,17,4,20,0,19,0,0,0,0,39,1,0,0,2,2,3,3,0,0,0,1,0,1
2015,"MUNICIPIO",410590,158,0,0,17,141,2,26,55,24,34,96,62,7,0,1,0,1,0,0,1,0,0,0,0,1,0,1,0,0,0,1,1,0,0,0,1,0,0
2015,"MUNICIPIO",410600,68,0,0,8,60,2,13,17,10,18,36,32,1,0,1,1,0,3,0,1,0,0,0,0,4,0,0,0,0,0,0,0,0,0,0,0,0,0
2015,"MUNICIPIO",410610,32,0,0,3,29,0,11,10,1,7,19,13,3,0,0,0,0,0,0,0,0,0,0,0,0,0,0,0,0,0,0,0,0,0,0,0,0,0
2015,"MUNICIPIO",410620,95,0,0,9,86,3,9,34,18,22,53,42,8,0,3,3,0,0,0,3,0,0,0,0,3,0,0,0,0,0,0,0,0,0,0,0,0,0
2015,"MUNICIPIO",410630,93,0,0,10,83,4,24,28,8,19,52,41,3,0,3,2,1,1,0,3,0,0,0,0,4,0,0,0,0,0,0,0,0,0,0,0,0,0
2015,"MUNICIPIO",410640,385,0,0,30,355,8,73,117,65,92,211,174,8,0,3,1,2,5,0,1,1,0,0,0,8,0,0,0,0,0,0,0,0,0,0,0,0,0
2015,"MUNICIPIO",410645,29,0,0,3,26,4,4,6,5,7,24,5,0,0,1,1,0,1,0,1,0,0,0,0,2,0,0,0,0,0,0,0,0,0,0,0,0,0
2015,"MUNICIPIO",410650,180,0,0,17,163,8,40,57,21,37,84,96,11,0,4,3,1,0,0,4,0,0,0,0,4,0,0,0,0,0,0,0,0,0,0,0,0,0
2015,"MUNICIPIO",410655,23,0,0,2,21,0,3,9,1,8,9,14,2,0,1,1,0,0,0,0,0,0,1,0,1,0,0,0,0,0,0,0,0,0,0,0,0,0
2015,"MUNICIPIO",410657,33,0,0,4,29,2,7,10,5,5,27,6,1,0,0,0,0,0,0,0,0,0,0,0,0,0,0,0,0,0,0,0,0,0,0,0,0,0
2015,"MUNICIPIO",410660,178,0,0,11,167,6,24,58,26,53,112,66,5,0,6,5,1,1,0,5,0,0,1,0,7,0,0,0,0,0,0,0,0,0,0,0,0,0
2015,"MUNICIPIO",410670,33,0,0,4,29,0,3,11,1,14,19,14,0,0,2,2,0,1,0,1,0,0,1,0,3,0,0,0,0,0,0,0,0,0,0,0,0,0
2015,"MUNICIPIO",410680,139,0,0,16,123,1,31,42,27,22,89,50,3,0,3,3,0,1,0,3,0,0,0,0,4,0,0,0,0,0,0,0,0,0,0,0,0,0
2015,"MUNICIPIO",410685,23,0,0,2,21,0,5,7,1,8,12,11,1,0,0,0,0,0,0,0,0,0,0,0,0,0,0,0,0,0,0,0,0,0,0,0,0,0
2015,"MUNICIPIO",410690,10414,0,0,1267,9147,419,2352,2867,1031,2478,5571,4841,474,0,165,125,40,55,0,132,0,0,13,0,220,1,0,2,5,9,8,8,0,0,2,4,0,2
2015,"MUNICIPIO",410700,99,0,0,9,90,4,15,37,7,27,70,29,3,0,2,2,0,0,0,2,0,0,0,0,2,0,0,0,0,0,0,0,0,0,0,0,0,0
2015,"MUNICIPIO",410710,19,0,0,2,17,0,5,2,0,10,12,7,2,0,0,0,0,0,0,0,0,0,0,0,0,0,0,0,0,0,0,0,0,0,0,0,0,0
2015,"MUNICIPIO",410712,15,0,0,2,13,0,2,4,3,4,10,5,0,0,0,0,0,0,0,0,0,0,0,0,0,0,0,0,0,0,0,0,0,0,0,0,0,0
2015,"MUNICIPIO",410715,42,0,0,3,39,4,8,13,3,11,31,11,0,0,0,0,0,0,0,0,0,0,0,0,0,0,0,0,0,0,0,0,0,0,0,0,0,0
2015,"MUNICIPIO",410720,215,0,0,34,181,10,26,64,37,44,112,103,11,0,1,1,0,2,0,1,0,0,0,0,4,0,0,0,1,1,1,1,0,0,0,0,0,0
2015,"MUNICIPIO",410725,64,0,0,11,53,3,9,16,7,18,39,25,4,0,1,0,1,0,0,1,0,0,0,0,1,0,0,0,0,0,0,0,0,0,0,0,0,0
2015,"MUNICIPIO",410730,59,0,0,8,51,2,14,12,10,13,33,26,4,0,0,0,0,1,0,0,0,0,0,0,1,0,0,0,0,0,0,0,0,0,0,0,0,0
2015,"MUNICIPIO",410740,34,0,0,1,33,1,13,6,5,8,21,13,1,0,0,0,0,0,0,0,0,0,0,0,0,0,0,0,0,0,0,0,0,0,0,0,0,0
2015,"MUNICIPIO",410750,103,0,0,11,92,4,21,32,5,30,54,49,7,0,8,5,3,1,0,7,0,0,1,0,9,0,0,0,1,0,1,1,0,0,0,1,0,0
2015,"MUNICIPIO",410752,15,0,0,2,13,1,3,4,2,3,8,7,0,0,0,0,0,0,0,0,0,0,0,0,0,0,0,0,0,0,0,0,0,0,0,0,0,0
2015,"MUNICIPIO",410753,28,0,0,2,26,0,4,12,3,7,17,11,1,0,0,0,0,0,0,0,0,0,0,0,0,0,0,0,0,0,0,0,0,0,0,0,0,0
2015,"MUNICIPIO",410754,40,0,0,5,35,2,5,9,6,13,23,17,4,0,2,2,0,0,0,0,0,0,0,2,2,0,0,0,0,0,0,0,0,0,0,0,0,0
2015,"MUNICIPIO",410755,31,0,0,4,27,0,5,10,3,9,18,13,1,0,1,1,0,0,0,1,0,0,0,0,1,0,0,0,0,0,0,0,0,0,0,0,0,0
2015,"MUNICIPIO",410760,140,0,0,16,124,9,19,48,13,35,81,59,4,0,3,2,1,0,0,3,0,0,0,0,3,0,0,0,0,0,0,0,0,0,0,0,0,0
2015,"MUNICIPIO",410765,519,0,0,95,424,22,94,124,58,126,308,211,33,0,26,19,7,14,0,20,0,0,5,0,40,1,0,0,0,1,1,1,0,0,1,0,0,0
2015,"MUNICIPIO",410770,48,0,0,4,44,0,6,20,5,13,30,18,3,0,0,0,0,0,0,0,0,0,0,0,0,0,0,0,0,0,0,0,0,0,0,0,0,0
2015,"MUNICIPIO",410773,32,0,0,2,30,1,7,10,3,9,24,8,1,0,1,1,0,0,0,1,0,0,0,0,1,1,0,0,0,0,1,1,0,0,0,0,0,1
2015,"MUNICIPIO",410775,69,0,0,7,62,1,17,26,9,9,45,24,2,0,1,1,0,0,0,1,0,0,0,0,1,0,0,0,0,0,0,0,0,0,0,0,0,0
2015,"MUNICIPIO",410780,52,0,0,4,48,1,7,19,7,14,36,16,0,0,0,0,0,0,0,0,0,0,0,0,0,0,0,0,0,0,0,0,0,0,0,0,0,0
2015,"MUNICIPIO",410785,42,0,0,9,33,1,8,11,5,8,25,17,1,0,0,0,0,0,0,0,0,0,0,0,0,0,0,0,0,0,0,0,0,0,0,0,0,0
2015,"MUNICIPIO",410790,50,0,0,8,42,4,9,8,3,18,23,27,2,0,0,0,0,1,0,0,0,0,0,0,1,0,0,0,0,0,0,0,0,0,0,0,0,0
2015,"MUNICIPIO",410800,101,0,0,16,85,1,24,24,13,23,65,36,7,0,1,1,0,0,0,0,0,0,0,0,1,0,0,0,0,0,0,0,0,0,0,0,0,0
2015,"MUNICIPIO",410810,29,0,0,6,23,0,5,10,3,5,12,17,2,0,0,0,0,0,0,0,0,0,0,0,0,0,0,0,0,0,0,0,0,0,0,0,0,0
2015,"MUNICIPIO",410820,59,0,0,5,54,2,14,18,9,11,37,22,0,0,1,1,0,0,0,0,0,0,0,0,1,0,0,0,0,0,0,0,0,0,0,0,0,0
2015,"MUNICIPIO",410830,1531,0,0,244,1287,61,313,294,206,413,911,620,98,0,49,40,9,18,0,46,0,0,3,0,64,0,0,1,3,1,4,4,0,0,3,1,0,0
2015,"MUNICIPIO",410832,63,0,0,8,55,5,12,20,4,14,38,25,3,0,2,1,1,0,0,2,0,0,0,0,2,0,0,0,0,0,0,0,0,0,0,0,0,0
2015,"MUNICIPIO",410840,492,0,0,75,417,12,106,120,74,105,268,224,33,0,5,3,2,3,0,4,0,0,0,0,8,0,0,1,1,0,2,2,0,0,1,0,0,1
2015,"MUNICIPIO",410845,31,0,0,3,28,1,4,8,5,10,23,8,0,0,1,1,0,2,0,1,0,0,0,0,3,0,0,0,0,0,0,0,0,0,0,0,0,0
2015,"MUNICIPIO",410850,84,0,0,9,75,3,16,33,7,16,44,40,7,0,4,1,3,1,0,4,0,0,0,0,5,0,0,0,0,0,0,0,0,0,0,0,0,0
2015,"MUNICIPIO",410855,33,0,0,3,30,4,6,8,5,7,20,13,0,0,1,0,1,0,0,0,0,0,1,0,1,0,0,0,0,0,0,0,0,0,0,0,0,0
2015,"MUNICIPIO",410860,199,0,0,28,171,5,34,68,18,46,110,89,11,0,1,0,1,2,0,1,0,0,0,0,3,0,0,0,1,0,1,1,0,1,0,0,0,0
2015,"MUNICIPIO",410865,48,0,0,4,44,0,8,15,9,12,29,19,2,0,6,3,3,1,0,5,0,0,1,0,7,0,0,0,0,1,0,0,0,0,0,0,0,0
2015,"MUNICIPIO",410870,50,0,0,10,40,1,3,17,6,13,28,22,3,0,0,0,0,0,0,0,0,0,0,0,0,0,0,0,0,0,0,0,0,0,0,0,0,0
2015,"MUNICIPIO",410880,239,0,0,54,185,4,33,54,19,75,135,104,17,0,5,5,0,2,0,4,0,0,1,0,9,0,0,0,1,0,1,1,1,0,0,0,0,0
2015,"MUNICIPIO",410890,57,0,0,7,50,1,7,22,6,14,33,24,1,0,0,0,0,0,0,0,0,0,0,0,0,0,0,0,0,0,0,0,0,0,0,0,0,0
2015,"MUNICIPIO",410895,47,0,0,4,43,0,11,11,10,11,31,16,0,0,1,1,0,1,0,1,0,0,0,0,2,0,0,0,0,0,0,0,0,0,0,0,0,0
2015,"MUNICIPIO",410900,32,0,0,1,31,2,6,12,4,7,22,10,1,0,0,0,0,0,0,0,0,0,0,0,0,0,0,0,0,0,0,0,0,0,0,0,0,0
2015,"MUNICIPIO",410910,14,0,0,1,13,0,0,8,2,3,10,4,1,0,0,0,0,0,0,0,0,0,0,0,0,0,0,0,0,0,0,0,0,0,0,0,0,0
2015,"MUNICIPIO",410920,38,0,0,2,36,1,10,9,8,8,20,18,1,0,0,0,0,0,0,0,0,0,0,0,0,0,0,0,0,0,0,0,0,0,0,0,0,0
2015,"MUNICIPIO",410930,104,0,0,17,87,1,28,23,14,21,68,36,5,0,0,0,0,0,0,0,0,0,0,0,0,0,0,0,0,0,0,0,0,0,0,0,0,0
2015,"MUNICIPIO",410940,1167,0,0,144,1023,19,232,363,184,225,643,524,68,0,30,16,14,10,0,29,0,0,1,0,40,3,0,0,0,1,3,3,0,0,3,0,0,0
2015,"MUNICIPIO",410950,35,0,0,3,32,3,6,13,2,8,25,10,0,0,1,0,1,0,0,1,0,0,0,0,1,0,0,0,0,0,0,0,0,0,0,0,0,0
2015,"MUNICIPIO",410960,260,0,0,32,228,20,32,65,40,71,168,92,14,0,4,3,1,4,1,2,0,0,1,0,8,1,0,0,0,0,1,1,0,0,0,1,0,0
2015,"MUNICIPIO",410965,30,0,0,7,23,0,6,4,7,6,22,8,1,0,1,0,1,0,0,1,0,0,0,0,1,0,0,0,0,0,0,0,0,0,0,0,0,0
2015,"MUNICIPIO",410970,231,0,0,21,210,4,42,71,20,73,134,96,14,0,4,3,1,0,0,4,0,0,0,0,3,0,0,0,0,0,0,0,0,0,0,0,0,0
2015,"MUNICIPIO",410975,34,0,0,5,29,0,7,11,1,10,18,16,2,0,2,2,0,1,0,2,0,0,0,0,3,0,0,0,0,0,0,0,0,0,0,0,0,0
2015,"MUNICIPIO",410980,388,0,0,40,348,12,82,89,67,98,211,177,20,0,7,4,3,2,0,4,0,0,2,0,9,1,0,0,0,0,1,1,0,0,1,0,0,0
2015,"MUNICIPIO",410990,87,0,0,7,80,4,11,27,12,26,54,33,3,0,2,2,0,2,0,2,0,0,0,0,4,0,0,0,0,0,0,0,0,0,0,0,0,0
2015,"MUNICIPIO",411000,27,0,0,2,25,1,3,9,2,10,14,13,1,0,1,1,0,1,0,1,0,0,0,0,0,0,0,0,0,0,0,0,0,0,0,0,0,0
2015,"MUNICIPIO",411005,16,0,0,1,15,0,5,1,4,5,12,4,1,0,0,0,0,0,0,0,0,0,0,0,0,0,0,0,0,0,0,0,0,0,0,0,0,0
2015,"MUNICIPIO",411007,101,0,0,16,85,3,10,23,17,32,58,43,6,0,2,2,0,0,0,2,0,0,0,0,2,0,0,0,0,0,0,0,0,0,0,0,0,0
2015,"MUNICIPIO",411010,159,0,0,26,133,2,28,36,26,41,81,78,13,0,2,2,0,0,0,2,0,0,0,0,2,1,0,0,0,0,1,1,0,1,0,0,0,0
2015,"MUNICIPIO",411020,49,0,0,3,46,2,13,14,8,9,31,18,0,0,1,1,0,0,0,1,0,0,0,0,1,0,0,0,0,0,0,0,0,0,0,0,0,0
2015,"MUNICIPIO",411030,22,0,0,2,20,1,3,9,0,7,15,7,0,0,1,1,0,0,0,1,0,0,0,0,1,0,0,0,0,0,0,0,0,0,0,0,0,0
2015,"MUNICIPIO",411040,35,0,0,9,26,0,5,10,1,10,19,16,3,0,0,0,0,0,0,0,0,0,0,0,0,0,0,0,0,0,0,0,0,0,0,0,0,0
2015,"MUNICIPIO",411050,66,0,0,5,61,3,8,18,10,22,42,24,3,0,1,1,0,0,0,1,0,0,0,0,1,0,0,0,0,0,0,0,0,0,0,0,0,0
2015,"MUNICIPIO",411060,134,0,0,18,116,4,19,34,13,46,71,63,6,0,3,1,2,2,0,3,0,0,0,0,4,0,0,0,0,0,0,0,0,0,0,0,0,0
2015,"MUNICIPIO",411065,17,0,0,2,15,1,5,6,0,3,13,4,1,0,0,0,0,1,0,0,0,0,0,0,1,0,0,0,0,0,0,0,0,0,0,0,0,0
2015,"MUNICIPIO",411070,421,0,0,39,382,4,92,115,84,87,216,205,18,0,3,2,1,1,0,3,0,0,0,0,3,0,0,0,0,0,0,0,0,0,0,0,0,0
2015,"MUNICIPIO",411080,83,0,0,14,69,0,8,21,12,28,54,29,3,0,1,1,0,0,0,1,0,0,0,0,1,0,0,0,0,0,0,0,0,0,0,0,0,0
2015,"MUNICIPIO",411090,28,0,0,2,26,1,5,11,3,6,15,13,2,0,0,0,0,0,0,0,0,0,0,0,0,0,0,0,0,0,0,0,0,0,0,0,0,0
2015,"MUNICIPIO",411095,56,0,0,5,51,1,8,18,7,17,32,24,1,0,1,1,0,1,0,1,0,0,0,0,2,0,0,0,0,0,0,0,0,0,0,0,0,0
2015,"MUNICIPIO",411100,62,0,0,8,54,1,7,16,14,16,36,26,0,0,1,1,0,0,0,1,0,0,0,0,1,0,0,0,0,0,0,0,0,0,0,0,0,0
2015,"MUNICIPIO",411110,50,0,0,4,46,3,9,11,14,9,29,21,1,0,1,1,0,0,0,0,0,0,1,0,1,0,0,0,0,1,0,0,0,0,0,0,0,0
2015,"MUNICIPIO",411120,56,0,0,4,52,2,17,15,6,12,34,22,3,0,1,1,0,0,0,1,0,0,0,0,1,0,0,0,0,0,0,0,0,0,0,0,0,0
2015,"MUNICIPIO",411125,145,0,0,27,118,2,26,44,13,33,92,53,6,0,5,5,0,3,0,5,0,0,0,0,8,0,0,0,0,0,0,0,0,0,0,0,0,0
2015,"MUNICIPIO",411130,40,0,0,6,34,0,4,10,8,12,31,9,1,0,1,1,0,0,0,1,0,0,0,0,1,0,0,0,0,0,0,0,0,0,0,0,0,0
2015,"MUNICIPIO",411140,68,0,0,7,61,0,14,10,6,31,42,26,6,0,3,2,1,0,0,3,0,0,0,0,3,0,0,0,0,0,0,0,0,0,0,0,0,0
2015,"MUNICIPIO",411150,247,0,0,15,232,8,46,82,28,68,122,125,11,0,6,3,3,0,0,5,0,0,1,0,7,0,0,0,0,0,0,0,0,0,0,0,0,0
2015,"MUNICIPIO",411155,47,0,0,9,38,1,7,11,6,13,31,16,1,0,0,0,0,0,0,0,0,0,0,0,0,0,0,0,0,0,0,0,0,0,0,0,0,0
2015,"MUNICIPIO",411160,18,0,0,1,17,0,1,7,3,6,14,4,0,0,0,0,0,0,0,0,0,0,0,0,0,0,0,0,0,0,0,0,0,0,0,0,0,0
2015,"MUNICIPIO",411170,35,0,0,5,30,0,7,12,7,4,17,18,2,0,1,1,0,0,0,1,0,0,0,0,1,0,0,0,0,0,0,0,0,0,0,0,0,0
2015,"MUNICIPIO",411180,320,0,0,22,298,9,54,105,40,90,177,143,13,0,3,3,0,2,0,3,0,0,0,0,5,0,1,0,1,0,2,2,0,0,2,0,0,0
2015,"MUNICIPIO",411190,94,0,0,9,85,2,16,35,9,23,53,41,7,0,1,0,1,0,0,1,0,0,0,0,1,1,0,0,0,0,1,1,0,0,0,1,0,0
2015,"MUNICIPIO",411200,224,0,0,16,208,3,34,66,33,72,121,103,11,0,6,4,2,1,0,5,0,0,0,0,7,0,0,0,0,0,0,0,0,0,0,0,0,0
2015,"MUNICIPIO",411210,187,0,0,14,173,3,41,53,30,46,103,84,8,0,4,2,2,1,0,4,0,0,0,0,5,0,0,0,0,1,0,0,0,0,0,0,0,0
2015,"MUNICIPIO",411220,64,0,0,15,49,2,9,20,4,14,39,25,3,0,2,2,0,0,0,2,0,0,0,0,4,1,0,0,0,0,1,1,0,0,0,1,0,0
2015,"MUNICIPIO",411230,40,0,0,3,37,1,3,10,6,17,19,21,2,0,1,1,0,0,0,1,0,0,0,0,1,0,0,0,0,0,0,0,0,0,0,0,0,0
2015,"MUNICIPIO",411240,65,0,0,3,62,0,10,29,12,11,39,26,2,0,1,1,0,0,0,1,0,0,0,0,1,0,0,0,0,0,0,0,0,0,0,0,0,0
2015,"MUNICIPIO",411250,89,0,0,10,79,2,22,23,9,23,57,32,5,0,0,0,0,0,0,0,0,0,0,0,0,0,0,0,0,0,0,0,0,0,0,0,0,0
2015,"MUNICIPIO",411260,7,0,0,1,6,0,2,3,0,1,6,1,0,0,0,0,0,0,0,0,0,0,0,0,0,0,0,0,0,0,0,0,0,0,0,0,0,0
2015,"MUNICIPIO",411270,97,0,0,8,89,2,20,25,12,30,50,47,7,0,2,2,0,1,0,1,0,0,1,0,3,1,0,0,0,0,1,1,0,0,0,1,0,0
2015,"MUNICIPIO",411275,70,0,0,13,57,1,16,22,7,11,45,25,3,0,1,1,0,0,0,1,0,0,0,0,1,0,0,0,0,0,0,0,0,0,0,0,0,0
2015,"MUNICIPIO",411280,98,0,0,15,83,6,14,29,12,22,58,40,4,0,2,2,0,0,0,2,0,0,0,0,1,0,0,0,0,0,0,0,0,0,0,0,0,0
2015,"MUNICIPIO",411290,22,0,0,2,20,1,4,6,4,5,13,9,2,0,0,0,0,0,0,0,0,0,0,0,0,0,0,0,0,0,0,0,0,0,0,0,0,0
2015,"MUNICIPIO",411295,56,0,0,9,47,1,7,17,4,18,34,22,2,0,1,1,0,1,0,1,0,0,0,0,0,0,0,0,0,0,0,0,0,0,0,0,0,0
2015,"MUNICIPIO",411300,48,0,0,7,41,0,5,24,5,7,34,14,1,0,0,0,0,0,0,0,0,0,0,0,0,0,0,0,0,0,0,0,0,0,0,0,0,0
2015,"MUNICIPIO",411310,52,0,0,2,50,2,8,20,5,15,37,15,1,0,1,1,0,1,0,1,0,0,0,0,2,0,0,0,0,0,0,0,0,0,0,0,0,0
2015,"MUNICIPIO",411320,321,0,0,40,281,19,62,74,58,68,175,146,8,0,4,2,2,3,0,3,0,0,1,0,7,0,0,0,0,0,0,0,0,0,0,0,0,0
2015,"MUNICIPIO",411325,32,0,0,4,28,0,3,15,2,8,18,14,1,0,2,2,0,1,0,2,0,0,0,0,3,0,0,0,0,0,0,0,0,0,0,0,0,0
2015,"MUNICIPIO",411330,223,0,0,17,206,7,36,69,33,61,113,110,11,0,7,5,2,1,0,7,0,0,0,0,7,1,0,0,0,0,1,1,0,0,0,1,0,0
2015,"MUNICIPIO",411340,39,0,0,2,37,1,9,14,1,12,20,19,1,0,1,1,0,0,0,1,0,0,0,0,1,0,0,0,0,0,0,0,0,0,0,0,0,0
2015,"MUNICIPIO",411342,39,0,0,4,35,1,2,17,4,11,20,19,2,0,1,1,0,0,0,1,0,0,0,0,0,0,0,0,1,0,1,1,0,0,0,1,0,0
2015,"MUNICIPIO",411345,34,0,0,3,31,1,8,6,4,12,21,13,1,0,1,1,0,0,0,1,0,0,0,0,1,0,0,0,0,0,0,0,0,0,0,0,0,0
2015,"MUNICIPIO",411350,168,0,0,21,147,8,32,61,14,32,97,71,10,0,2,2,0,0,0,2,0,0,0,0,2,0,0,0,0,0,0,0,0,0,0,0,0,0
2015,"MUNICIPIO",411360,20,0,0,0,20,2,5,3,2,8,10,10,0,0,3,2,1,0,0,3,0,0,0,0,3,0,0,0,0,0,0,0,0,0,0,0,0,0
2015,"MUNICIPIO",411370,3662,0,0,444,3218,109,728,939,469,973,2005,1657,145,0,56,43,13,7,0,51,0,2,3,0,63,1,0,0,3,4,4,4,0,0,0,3,0,0
2015,"MUNICIPIO",411373,66,0,0,8,58,1,14,16,6,21,40,26,4,0,1,1,0,2,0,1,0,0,0,0,2,0,0,0,0,0,0,0,0,0,0,0,0,0
2015,"MUNICIPIO",411375,36,0,0,3,33,3,3,15,4,8,16,20,0,0,0,0,0,0,0,0,0,0,0,0,0,0,0,0,0,0,0,0,0,0,0,0,0,0
2015,"MUNICIPIO",411380,30,0,0,5,25,1,5,11,5,3,18,12,0,0,0,0,0,0,0,0,0,0,0,0,0,0,0,0,0,0,0,0,0,0,0,0,0,0
2015,"MUNICIPIO",411390,102,0,0,6,96,1,25,27,17,26,47,55,2,0,5,5,0,0,0,5,0,0,0,0,5,0,0,0,0,0,0,0,0,0,0,0,0,0
2015,"MUNICIPIO",411400,109,0,0,12,97,1,13,40,5,38,63,46,7,0,6,4,2,2,0,5,0,0,1,0,8,0,0,0,1,0,1,1,1,0,0,0,0,0
2015,"MUNICIPIO",411410,138,0,0,14,124,0,39,35,12,38,75,63,8,0,2,0,2,0,0,2,0,0,0,0,2,0,0,0,0,0,0,0,0,0,0,0,0,0
2015,"MUNICIPIO",411420,264,0,0,28,236,7,39,92,41,57,136,128,8,0,3,2,1,2,0,2,0,0,1,0,5,0,0,0,0,0,0,0,0,0,0,0,0,0
2015,"MUNICIPIO",411430,158,0,0,31,127,10,31,42,16,28,96,62,12,0,1,0,1,0,0,1,0,0,0,0,1,0,0,0,0,0,0,0,0,0,0,0,0,0
2015,"MUNICIPIO",411435,17,0,0,3,14,1,1,5,4,3,9,8,2,0,0,0,0,0,0,0,0,0,0,0,0,0,0,0,0,0,0,0,0,0,0,0,0,0
2015,"MUNICIPIO",411440,97,0,0,12,85,3,15,25,11,31,61,36,2,0,3,2,1,3,0,2,0,0,1,0,6,0,0,0,0,0,0,0,0,0,0,0,0,0
2015,"MUNICIPIO",411450,95,0,0,14,81,1,14,26,12,28,49,46,7,0,1,1,0,4,0,1,0,0,0,0,5,0,0,0,0,0,0,0,0,0,0,0,0,0
2015,"MUNICIPIO",411460,345,0,0,38,307,11,68,112,31,85,204,141,18,0,10,8,2,4,0,10,0,0,0,0,15,0,0,0,1,0,1,1,0,0,1,0,0,0
2015,"MUNICIPIO",411470,54,0,0,7,47,3,7,15,4,18,32,22,2,0,0,0,0,0,0,0,0,0,0,0,0,0,0,0,0,0,0,0,0,0,0,0,0,0
2015,"MUNICIPIO",411480,242,0,0,31,211,6,40,61,26,78,147,95,6,0,8,6,2,2,0,7,0,0,1,0,10,0,0,0,1,0,1,1,0,0,0,1,0,0
2015,"MUNICIPIO",411490,85,0,0,14,71,1,13,29,12,16,54,31,2,0,0,0,0,0,0,0,0,0,0,0,0,0,0,0,0,0,0,0,0,0,0,0,0,0
2015,"MUNICIPIO",411500,50,0,0,8,42,0,12,17,3,10,31,19,2,0,0,0,0,0,0,0,0,0,0,0,0,0,0,0,0,0,0,0,0,0,0,0,0,0
2015,"MUNICIPIO",411510,99,0,0,11,88,5,14,32,16,21,58,41,6,0,1,1,0,2,0,1,0,0,0,0,3,1,0,0,0,0,1,1,0,0,1,0,0,0
2015,"MUNICIPIO",411520,2082,0,0,203,1879,64,463,590,221,541,1137,944,89,0,38,30,8,11,0,31,0,3,4,0,32,0,0,0,2,1,2,2,0,1,0,1,0,0
2015,"MUNICIPIO",411530,41,0,0,0,41,0,13,11,6,11,21,20,1,0,0,0,0,1,0,0,0,0,0,0,1,0,0,0,0,0,0,0,0,0,0,0,0,0
2015,"MUNICIPIO",411535,37,0,0,2,35,0,10,13,5,7,21,16,0,0,0,0,0,1,0,0,0,0,0,0,1,0,0,0,0,0,0,0,0,0,0,0,0,0
2015,"MUNICIPIO",411540,89,0,0,15,74,2,17,26,12,17,53,36,3,0,0,0,0,0,0,0,0,0,0,0,1,1,0,0,0,0,1,1,0,0,0,0,1,0
2015,"MUNICIPIO",411545,25,0,0,0,25,0,6,9,6,4,13,12,2,0,1,0,1,0,0,1,0,0,0,0,1,0,0,0,0,0,0,0,0,0,0,0,0,0
2015,"MUNICIPIO",411550,42,0,0,3,39,1,8,17,5,8,26,16,3,0,0,0,0,1,0,0,0,0,0,0,1,0,0,0,0,0,0,0,0,0,0,0,0,0
2015,"MUNICIPIO",411560,111,0,0,15,96,2,26,31,11,26,67,44,1,0,2,0,2,1,0,2,0,0,0,0,3,0,0,0,0,0,0,0,0,0,0,0,0,0
2015,"MUNICIPIO",411570,228,0,0,30,198,14,34,58,27,65,143,85,15,0,3,3,0,1,0,3,0,0,0,0,3,0,0,0,0,0,0,0,0,0,0,0,0,0
2015,"MUNICIPIO",411573,20,0,0,0,20,0,4,9,3,4,10,10,0,0,0,0,0,0,0,0,0,0,0,0,0,0,0,0,0,0,0,0,0,0,0,0,0,0
2015,"MUNICIPIO",411575,70,0,0,18,52,1,11,21,6,13,37,33,7,0,3,2,1,1,0,3,0,0,0,0,4,1,0,0,0,0,1,1,0,0,1,0,0,0
2015,"MUNICIPIO",411580,264,0,0,29,235,10,67,62,37,59,159,105,14,0,8,8,0,2,0,8,0,0,0,0,10,0,0,0,0,0,0,0,0,0,0,0,0,0
2015,"MUNICIPIO",411585,34,0,0,3,31,0,14,6,2,9,21,13,2,0,0,0,0,1,0,0,0,0,0,0,1,0,0,0,0,0,0,0,0,0,0,0,0,0
2015,"MUNICIPIO",411590,14,0,0,0,14,0,0,7,4,3,11,3,0,0,0,0,0,0,0,0,0,0,0,0,0,0,0,0,0,0,0,0,0,0,0,0,0,0
2015,"MUNICIPIO",411600,19,0,0,0,19,1,5,8,2,3,11,8,0,0,0,0,0,0,0,0,0,0,0,0,0,0,0,0,0,0,0,0,0,0,0,0,0,0
2015,"MUNICIPIO",411605,106,0,0,19,87,1,21,35,6,24,55,51,1,0,2,1,1,2,0,2,0,0,0,0,1,0,0,0,0,0,0,0,0,0,0,0,0,0
2015,"MUNICIPIO",411610,109,0,0,9,100,2,15,44,8,31,58,51,3,0,2,2,0,0,0,1,0,0,1,0,0,0,0,0,0,0,0,0,0,0,0,0,0,0
2015,"MUNICIPIO",411620,105,0,0,13,92,1,13,36,9,33,69,36,3,0,0,0,0,1,0,0,0,0,0,0,1,0,0,0,0,0,0,0,0,0,0,0,0,0
2015,"MUNICIPIO",411630,26,0,0,3,23,1,7,7,3,5,18,8,1,0,1,1,0,0,0,0,0,0,1,0,1,0,0,0,0,0,0,0,0,0,0,0,0,0
2015,"MUNICIPIO",411640,27,0,0,3,24,1,4,5,4,10,16,11,1,0,0,0,0,0,0,0,0,0,0,0,0,0,0,0,0,1,0,0,0,0,0,0,0,0
2015,"MUNICIPIO",411650,9,0,0,0,9,0,2,4,1,2,3,6,0,0,0,0,0,0,0,0,0,0,0,0,0,0,0,0,0,0,0,0,0,0,0,0,0,0
2015,"MUNICIPIO",411660,24,0,0,1,23,1,4,11,3,4,16,8,1,0,0,0,0,0,0,0,0,0,0,0,0,0,0,0,0,0,0,0,0,0,0,0,0,0
2015,"MUNICIPIO",411670,92,0,0,6,86,0,18,39,8,21,51,41,2,0,0,0,0,0,0,0,0,0,0,0,0,0,0,0,0,0,0,0,0,0,0,0,0,0
2015,"MUNICIPIO",411680,55,0,0,5,50,3,11,16,2,18,32,23,5,0,0,0,0,0,0,0,0,0,0,0,0,0,0,0,0,0,0,0,0,0,0,0,0,0
2015,"MUNICIPIO",411690,206,0,0,23,183,10,35,57,29,52,144,62,7,0,3,1,2,0,0,3,0,0,0,0,3,0,0,0,0,0,0,0,0,0,0,0,0,0
2015,"MUNICIPIO",411695,45,0,0,4,41,0,15,14,4,8,28,17,0,0,0,0,0,0,0,0,0,0,0,0,0,0,0,0,0,0,0,0,0,0,0,0,0,0
2015,"MUNICIPIO",411700,73,0,0,4,69,10,10,21,8,20,46,27,2,0,0,0,0,0,0,0,0,0,0,0,0,0,0,0,0,0,0,0,0,0,0,0,0,0
2015,"MUNICIPIO",411705,66,0,0,13,53,2,15,20,7,9,45,21,5,0,0,0,0,0,0,0,0,0,0,0,0,0,0,0,0,0,0,0,0,0,0,0,0,0
2015,"MUNICIPIO",411710,81,0,0,10,71,2,6,22,13,28,45,36,3,0,2,2,0,0,0,2,0,0,0,0,4,0,0,0,0,0,0,0,0,0,0,0,0,0
2015,"MUNICIPIO",411720,58,0,0,2,56,5,6,17,10,18,32,26,3,0,0,0,0,0,0,0,0,0,0,0,0,0,0,0,0,0,0,0,0,0,0,0,0,0
2015,"MUNICIPIO",411721,31,0,0,3,28,1,5,5,7,10,18,13,0,0,2,1,1,0,0,2,0,0,0,0,2,0,0,0,0,0,0,0,0,0,0,0,0,0
2015,"MUNICIPIO",411722,78,0,0,13,65,2,10,31,9,13,51,27,2,0,0,0,0,0,0,0,0,0,0,0,0,0,0,0,0,0,0,0,0,0,0,0,0,0
2015,"MUNICIPIO",411725,72,0,0,10,62,4,15,20,9,14,40,32,4,0,1,1,0,1,0,1,0,0,0,0,2,0,0,0,0,0,0,0,0,0,0,0,0,0
2015,"MUNICIPIO",411727,57,0,0,7,50,0,8,20,6,16,30,27,4,0,0,0,0,0,0,0,0,0,0,0,0,0,0,0,0,0,0,0,0,0,0,0,0,0
2015,"MUNICIPIO",411729,25,0,0,6,19,0,2,10,4,3,18,7,0,0,0,0,0,0,0,0,0,0,0,0,0,0,0,0,0,0,0,0,0,0,0,0,0,0
2015,"MUNICIPIO",411730,150,0,0,24,126,1,19,57,17,32,92,58,6,0,5,4,1,0,0,4,0,0,0,1,5,0,0,0,0,0,0,0,0,0,0,0,0,0
2015,"MUNICIPIO",411740,25,0,0,1,24,0,2,11,3,8,10,15,1,0,0,0,0,0,0,0,0,0,0,0,0,0,0,0,0,0,0,0,0,0,0,0,0,0
2015,"MUNICIPIO",411745,36,0,0,4,32,2,3,13,4,10,22,14,1,0,0,0,0,1,0,0,0,0,0,0,1,0,0,0,0,0,0,0,0,0,0,0,0,0
2015,"MUNICIPIO",411750,215,0,0,22,193,8,38,68,17,62,132,83,12,0,3,3,0,0,0,1,1,0,0,0,3,0,0,0,1,0,1,1,0,0,1,0,0,0
2015,"MUNICIPIO",411760,257,0,0,28,229,10,48,66,28,77,134,123,16,0,9,7,2,7,0,7,0,0,2,0,16,0,0,0,0,0,0,0,0,0,0,0,0,0
2015,"MUNICIPIO",411770,208,0,0,25,183,6,38,56,33,50,116,92,9,0,5,4,1,2,0,5,0,0,0,0,8,0,0,0,0,0,0,0,0,0,0,0,0,0
2015,"MUNICIPIO",411780,102,0,0,7,95,1,23,37,10,24,59,43,7,0,1,1,0,2,0,1,0,0,0,0,3,0,0,0,0,0,0,0,0,0,0,0,0,0
2015,"MUNICIPIO",411790,183,0,0,23,160,5,37,49,27,42,104,79,9,0,1,1,0,2,0,0,1,0,0,0,4,0,0,0,1,1,1,1,0,0,0,0,0,1
2015,"MUNICIPIO",411800,86,0,0,12,74,0,18,28,5,23,46,40,5,0,3,3,0,0,0,3,0,0,0,0,3,0,0,0,0,0,0,0,0,0,0,0,0,0
2015,"MUNICIPIO",411810,55,0,0,8,47,1,6,11,8,21,34,21,2,0,2,2,0,0,0,1,0,0,1,0,2,0,0,0,0,0,0,0,0,0,0,0,0,0
2015,"MUNICIPIO",411820,1020,0,0,117,903,66,169,301,119,248,584,435,53,0,14,11,3,6,1,12,0,1,1,0,12,1,0,0,0,0,1,1,0,0,0,1,0,0
2015,"MUNICIPIO",411830,17,0,0,3,14,0,1,7,4,2,11,6,1,0,0,0,0,0,0,0,0,0,0,0,0,0,0,0,0,0,0,0,0,0,0,0,0,0
2015,"MUNICIPIO",411840,656,0,0,72,584,24,134,203,60,163,350,306,31,0,7,4,3,1,0,6,0,0,1,0,8,0,0,0,1,1,1,1,0,1,0,0,0,0
2015,"MUNICIPIO",411845,46,0,0,8,38,1,12,16,2,7,24,22,2,0,1,1,0,0,0,1,0,0,0,0,1,0,0,0,0,0,0,0,0,0,0,0,0,0
2015,"MUNICIPIO",411850,455,0,0,68,387,16,105,127,50,89,268,187,17,0,9,5,4,3,0,9,0,0,0,0,12,0,0,0,0,1,0,0,0,0,0,0,0,0
2015,"MUNICIPIO",411860,38,0,0,5,33,2,5,15,5,6,17,21,1,0,0,0,0,0,0,0,0,0,0,0,0,0,0,0,0,0,0,0,0,0,0,0,0,0
2015,"MUNICIPIO",411870,54,0,0,0,54,0,18,20,6,10,26,28,3,0,0,0,0,0,0,0,0,0,0,0,0,0,0,0,0,0,0,0,0,0,0,0,0,0
2015,"MUNICIPIO",411880,105,0,0,9,96,2,27,32,10,25,70,35,4,0,3,2,1,0,0,3,0,0,0,0,3,0,0,0,0,0,0,0,0,0,0,0,0,0
2015,"MUNICIPIO",411885,38,0,0,4,34,0,8,10,8,8,22,16,1,0,0,0,0,0,0,0,0,0,0,0,0,0,0,0,0,0,0,0,0,0,0,0,0,0
2015,"MUNICIPIO",411890,107,0,0,8,99,8,19,34,4,34,66,41,7,0,2,1,1,0,0,2,0,0,0,0,2,0,0,0,1,0,1,1,0,0,1,0,0,0
2015,"MUNICIPIO",411900,43,0,0,2,41,1,8,19,5,8,26,17,3,0,1,1,0,0,0,1,0,0,0,0,1,0,0,0,0,0,0,0,0,0,0,0,0,0
2015,"MUNICIPIO",411910,64,0,0,4,60,0,26,17,6,11,40,24,3,0,1,1,0,1,0,1,0,0,0,0,2,0,0,0,0,0,0,0,0,0,0,0,0,0
2015,"MUNICIPIO",411915,678,0,0,90,588,30,125,175,86,172,366,312,47,0,11,9,2,4,0,9,0,0,1,0,15,0,0,0,0,1,0,0,0,0,0,0,0,0
2015,"MUNICIPIO",411920,56,0,0,8,48,4,7,17,9,11,32,24,1,0,1,1,0,0,0,1,0,0,0,0,1,0,0,0,0,0,0,0,0,0,0,0,0,0
2015,"MUNICIPIO",411925,21,0,0,2,19,0,6,7,2,4,12,9,1,0,0,0,0,0,0,0,0,0,0,0,0,0,0,0,1,0,1,1,0,0,0,1,0,0
2015,"MUNICIPIO",411930,189,0,0,31,158,3,38,58,17,42,104,85,16,0,7,4,3,3,0,6,0,0,1,0,10,0,0,0,0,0,0,0,0,0,0,0,0,0
2015,"MUNICIPIO",411940,187,0,0,16,171,10,42,43,28,48,99,88,7,0,2,2,0,3,0,2,0,0,0,0,5,0,0,0,0,0,0,0,0,0,0,0,0,0
2015,"MUNICIPIO",411950,572,0,0,120,452,33,120,152,34,113,343,229,35,0,4,3,1,4,0,3,0,0,1,0,6,0,0,0,0,0,0,0,0,0,0,0,0,0
2015,"MUNICIPIO",411960,227,0,0,21,206,4,42,82,31,47,136,91,7,0,4,1,3,1,0,4,0,0,0,0,5,0,0,0,0,0,0,0,0,0,0,0,0,0
2015,"MUNICIPIO",411965,23,0,0,3,20,1,5,8,0,6,13,10,2,0,1,1,0,0,0,1,0,0,0,0,1,0,0,0,0,0,0,0,0,0,0,0,0,0
2015,"MUNICIPIO",411970,25,0,0,4,21,1,2,5,4,9,18,7,0,0,0,0,0,0,0,0,0,0,0,0,0,0,0,0,0,0,0,0,0,0,0,0,0,0
2015,"MUNICIPIO",411980,98,0,0,11,87,2,18,42,8,17,60,38,7,0,0,0,0,0,0,0,0,0,0,0,0,0,0,0,0,0,0,0,0,0,0,0,0,0
2015,"MUNICIPIO",411990,2251,0,0,231,2020,79,470,693,213,565,1213,1038,122,0,43,31,12,16,2,41,0,0,1,0,62,0,0,0,3,2,3,3,0,0,2,1,0,0
2015,"MUNICIPIO",411995,174,0,0,21,153,8,20,40,18,67,119,55,9,0,5,3,2,1,1,4,0,0,1,0,2,0,0,1,0,0,1,1,0,0,1,0,0,0
2015,"MUNICIPIO",412000,108,0,0,13,95,0,21,43,13,18,59,49,7,0,3,3,0,2,0,3,0,0,0,0,5,0,0,0,0,0,0,0,0,0,0,0,0,0
2015,"MUNICIPIO",412010,44,0,0,6,38,1,9,10,6,12,25,19,2,0,0,0,0,0,0,0,0,0,0,0,0,0,0,0,0,0,0,0,0,0,0,0,0,0
2015,"MUNICIPIO",412015,23,0,0,3,20,1,4,7,5,3,14,9,2,0,0,0,0,0,0,0,0,0,0,0,0,0,0,0,0,0,0,0,0,0,0,0,0,0
2015,"MUNICIPIO",412020,20,0,0,5,15,0,2,8,1,4,9,11,1,0,0,0,0,1,0,0,0,0,0,0,1,1,0,0,0,0,1,1,0,0,0,1,0,0
2015,"MUNICIPIO",412030,36,0,0,6,30,0,4,14,7,5,23,13,4,0,0,0,0,2,0,0,0,0,0,0,2,0,0,0,0,0,0,0,0,0,0,0,0,0
2015,"MUNICIPIO",412033,29,0,0,0,29,2,11,5,5,6,16,13,0,0,0,0,0,0,0,0,0,0,0,0,0,0,0,0,0,0,0,0,0,0,0,0,0,0
2015,"MUNICIPIO",412035,39,0,0,4,35,0,9,10,5,11,25,14,1,0,0,0,0,0,0,0,0,0,0,0,0,0,0,0,0,0,0,0,0,0,0,0,0,0
2015,"MUNICIPIO",412040,30,0,0,4,26,3,7,7,3,6,14,16,3,0,0,0,0,0,0,0,0,0,0,0,0,0,0,0,1,0,1,1,0,0,1,0,0,0
2015,"MUNICIPIO",412050,72,0,0,5,67,2,19,18,10,18,45,27,7,0,1,1,0,1,0,1,0,0,0,0,2,0,0,0,0,0,0,0,0,0,0,0,0,0
2015,"MUNICIPIO",412060,359,0,0,40,319,5,85,101,32,96,212,147,18,0,4,3,1,2,0,4,0,0,0,0,6,0,0,0,0,0,0,0,0,0,0,0,0,0
2015,"MUNICIPIO",412065,49,0,0,3,46,3,7,16,2,18,30,19,1,0,0,0,0,1,0,0,0,0,0,0,0,0,0,0,0,0,0,0,0,0,0,0,0,0
2015,"MUNICIPIO",412070,67,0,0,7,60,1,13,21,8,17,31,36,5,0,1,1,0,0,0,1,0,0,0,0,1,0,0,0,0,0,0,0,0,0,0,0,0,0
2015,"MUNICIPIO",412080,144,0,0,15,129,9,29,39,15,37,83,61,7,0,4,3,1,1,0,2,0,0,1,0,6,0,0,0,0,1,0,0,0,0,0,0,0,0
2015,"MUNICIPIO",412085,32,0,0,3,29,2,6,7,6,8,17,15,3,0,0,0,0,0,0,0,0,0,0,0,0,0,0,0,0,0,0,0,0,0,0,0,0,0
2015,"MUNICIPIO",412090,171,0,0,36,135,2,34,53,20,26,108,63,8,0,1,1,0,1,0,1,0,0,0,0,2,0,0,0,1,0,1,1,0,0,1,0,0,0
2015,"MUNICIPIO",412100,86,0,0,10,76,0,20,29,11,16,51,35,2,0,3,3,0,0,0,2,0,0,1,0,3,0,0,0,0,0,0,0,0,0,0,0,0,0
2015,"MUNICIPIO",412110,38,0,0,6,32,0,4,6,4,18,22,16,2,0,1,1,0,0,0,1,0,0,0,0,1,0,0,0,0,0,0,0,0,0,0,0,0,0
2015,"MUNICIPIO",412120,117,0,0,14,103,4,16,30,22,31,63,54,7,0,0,0,0,0,0,0,0,0,0,0,0,1,0,0,0,0,1,1,0,0,1,0,0,0
2015,"MUNICIPIO",412125,32,0,0,4,28,2,3,8,4,11,16,16,2,0,0,0,0,0,0,0,0,0,0,0,0,0,0,0,0,0,0,0,0,0,0,0,0,0
2015,"MUNICIPIO",412130,39,0,0,2,37,1,6,14,6,10,20,19,3,0,1,1,0,0,0,1,0,0,0,0,1,0,0,0,0,0,0,0,0,0,0,0,0,0
2015,"MUNICIPIO",412135,19,0,0,3,16,0,5,8,2,1,11,8,1,0,0,0,0,0,0,0,0,0,0,0,0,0,0,0,0,0,0,0,0,0,0,0,0,0
2015,"MUNICIPIO",412140,114,0,0,15,99,1,28,30,12,28,66,48,2,0,2,0,2,1,0,2,0,0,0,0,3,0,0,0,0,0,0,0,0,0,0,0,0,0
2015,"MUNICIPIO",412150,94,0,0,13,81,1,20,36,8,16,61,33,1,0,2,1,1,0,0,2,0,0,0,0,2,0,0,0,0,0,0,0,0,0,0,0,0,0
2015,"MUNICIPIO",412160,38,0,0,5,33,0,4,11,10,8,24,14,1,0,0,0,0,1,0,0,0,0,0,0,1,0,0,0,0,0,0,0,0,0,0,0,0,0
2015,"MUNICIPIO",412170,186,0,0,24,162,1,28,72,16,45,110,76,9,0,6,4,2,0,0,6,0,0,0,0,6,0,0,0,1,0,1,1,0,0,0,1,0,0
2015,"MUNICIPIO",412175,36,0,0,6,30,0,7,9,4,10,23,13,2,0,0,0,0,0,0,0,0,0,0,0,0,0,0,0,0,0,0,0,0,0,0,0,0,0
2015,"MUNICIPIO",412180,80,0,0,6,74,3,16,25,8,22,39,41,5,0,1,0,1,1,1,1,0,0,0,0,2,0,0,0,0,0,0,0,0,0,0,0,0,0
2015,"MUNICIPIO",412190,125,0,0,10,115,8,17,32,21,37,68,57,7,0,3,3,0,0,0,3,0,0,0,0,3,1,0,0,0,0,1,1,0,0,0,1,0,0
2015,"MUNICIPIO",412200,97,0,0,6,91,2,19,32,16,22,48,49,4,0,3,2,1,1,0,3,0,0,0,0,4,0,0,0,0,0,0,0,0,0,0,0,0,0
2015,"MUNICIPIO",412210,29,0,0,1,28,0,5,12,3,8,18,11,1,0,0,0,0,0,0,0,0,0,0,0,0,0,0,0,0,0,0,0,0,0,0,0,0,0
2015,"MUNICIPIO",412215,73,0,0,11,62,3,14,22,6,17,46,27,4,0,5,5,0,0,0,4,0,0,1,0,6,0,0,0,0,0,0,0,0,0,0,0,0,0
2015,"MUNICIPIO",412217,31,0,0,3,28,0,8,7,3,10,19,12,1,0,1,1,0,0,0,1,0,0,0,0,0,0,0,0,0,0,0,0,0,0,0,0,0,0
2015,"MUNICIPIO",412220,192,0,0,29,163,5,33,72,21,32,122,70,5,0,5,5,0,3,0,4,0,0,0,0,5,0,0,0,0,0,0,0,0,0,0,0,0,0
2015,"MUNICIPIO",412230,209,0,0,12,197,4,46,67,24,56,118,91,8,0,5,2,3,0,0,5,0,0,0,0,5,0,0,0,0,0,0,0,0,0,0,0,0,0
2015,"MUNICIPIO",412240,446,0,0,36,410,14,94,130,57,115,245,201,21,0,13,11,2,4,0,10,0,0,3,0,17,1,0,0,1,0,2,2,0,0,0,2,0,0
2015,"MUNICIPIO",412250,89,0,0,8,81,2,13,33,9,24,51,38,8,0,3,3,0,0,0,3,0,0,0,0,0,1,0,0,0,0,1,1,0,0,0,0,1,0
2015,"MUNICIPIO",412260,63,0,0,6,57,0,14,18,8,17,43,20,3,0,0,0,0,1,0,0,0,0,0,0,1,0,0,0,1,0,1,1,0,0,0,0,1,0
2015,"MUNICIPIO",412265,48,0,0,4,44,0,8,20,8,8,34,14,0,0,0,0,0,0,0,0,0,0,0,0,0,0,0,0,0,0,0,0,0,0,0,0,0,0
2015,"MUNICIPIO",412270,54,0,0,9,45,0,15,17,6,7,26,28,5,0,0,0,0,1,0,0,0,0,0,0,1,0,0,0,0,0,0,0,0,0,0,0,0,0
2015,"MUNICIPIO",412280,29,0,0,4,25,0,7,9,4,5,18,11,1,0,0,0,0,0,0,0,0,0,0,0,0,0,0,0,0,0,0,0,0,0,0,0,0,0
2015,"MUNICIPIO",412290,51,0,0,0,51,4,11,15,6,15,28,23,0,0,1,1,0,0,0,1,0,0,0,0,1,0,0,0,0,0,0,0,0,0,0,0,0,0
2015,"MUNICIPIO",412300,100,0,0,20,80,2,20,26,13,19,61,39,6,0,2,2,0,0,0,2,0,0,0,0,3,0,0,0,0,0,0,0,0,0,0,0,0,0
2015,"MUNICIPIO",412310,34,0,0,3,31,0,5,11,6,9,16,18,3,0,0,0,0,0,0,0,0,0,0,0,0,0,0,0,0,0,0,0,0,0,0,0,0,0
2015,"MUNICIPIO",412320,18,0,0,0,18,0,4,5,3,6,9,9,0,0,0,0,0,0,0,0,0,0,0,0,0,0,0,0,0,0,0,0,0,0,0,0,0,0
2015,"MUNICIPIO",412330,69,0,0,5,64,4,10,22,11,17,40,29,3,0,0,0,0,0,0,0,0,0,0,0,0,0,0,0,0,0,0,0,0,0,0,0,0,0
2015,"MUNICIPIO",412340,64,0,0,5,59,1,16,21,11,10,31,33,3,0,0,0,0,1,0,0,0,0,0,0,1,0,0,0,0,0,0,0,0,0,0,0,0,0
2015,"MUNICIPIO",412350,149,0,0,18,131,4,43,49,9,26,92,57,6,0,2,2,0,2,0,2,0,0,0,0,4,0,0,0,0,0,0,0,0,0,0,0,0,0
2015,"MUNICIPIO",412360,14,0,0,0,14,0,2,5,1,6,9,5,1,0,1,1,0,0,0,1,0,0,0,0,0,0,0,0,0,0,0,0,0,0,0,0,0,0
2015,"MUNICIPIO",412370,81,0,0,8,73,2,14,28,8,21,49,32,1,0,1,1,0,0,0,1,0,0,0,0,1,0,0,0,0,0,0,0,0,0,0,0,0,0
2015,"MUNICIPIO",412380,88,0,0,14,74,2,20,30,6,16,52,36,7,0,0,0,0,0,0,0,0,0,0,0,0,0,0,0,0,0,0,0,0,0,0,0,0,0
2015,"MUNICIPIO",412382,18,0,0,3,15,1,4,5,1,4,10,7,0,0,0,0,0,0,0,0,0,0,0,0,0,0,0,0,0,0,0,0,0,0,0,0,0,0
2015,"MUNICIPIO",412385,63,0,0,7,56,1,13,22,1,19,37,26,2,0,1,1,0,0,0,1,0,0,0,0,1,0,0,0,0,0,0,0,0,0,0,0,0,0
2015,"MUNICIPIO",412390,118,0,0,6,112,2,17,46,13,34,72,46,4,0,2,2,0,1,0,1,0,0,1,0,3,0,0,0,0,0,0,0,0,0,0,0,0,0
2015,"MUNICIPIO",412395,17,0,0,3,14,0,3,7,1,3,11,6,0,0,0,0,0,0,0,0,0,0,0,0,0,0,0,0,0,0,0,0,0,0,0,0,0,0
2015,"MUNICIPIO",412400,37,0,0,3,34,0,5,15,4,10,21,16,4,0,0,0,0,0,0,0,0,0,0,0,0,0,0,0,0,0,0,0,0,0,0,0,0,0
2015,"MUNICIPIO",412402,77,0,0,10,67,3,17,18,8,21,42,35,9,0,3,2,1,0,0,3,0,0,0,0,3,0,0,0,0,0,0,0,0,0,0,0,0,0
2015,"MUNICIPIO",412405,124,0,0,23,101,2,23,27,19,30,78,46,11,0,2,2,0,0,0,2,0,0,0,0,2,0,0,0,0,0,0,0,0,0,0,0,0,0
2015,"MUNICIPIO",412410,316,0,0,29,287,19,55,104,38,71,181,135,12,0,2,1,1,3,0,2,0,0,0,0,5,1,0,0,0,0,1,1,0,0,0,0,0,0
2015,"MUNICIPIO",412420,23,0,0,1,22,0,7,6,2,7,13,10,3,0,0,0,0,0,0,0,0,0,0,0,0,0,0,0,1,0,1,1,0,0,0,1,0,0
2015,"MUNICIPIO",412430,15,0,0,2,13,0,2,5,3,3,11,4,0,0,1,1,0,0,0,1,0,0,0,0,1,0,0,0,0,0,0,0,0,0,0,0,0,0
2015,"MUNICIPIO",412440,111,0,0,4,107,4,39,39,6,19,64,47,5,0,1,1,0,1,0,1,0,0,0,0,2,0,0,0,0,1,0,0,0,0,0,0,0,0
2015,"MUNICIPIO",412450,43,0,0,4,39,0,7,14,5,13,28,15,1,0,0,0,0,0,0,0,0,0,0,0,0,0,0,0,0,0,0,0,0,0,0,0,0,0
2015,"MUNICIPIO",412460,39,0,0,4,35,1,12,9,7,6,23,16,1,0,0,0,0,0,0,0,0,0,0,0,0,0,0,0,0,0,0,0,0,0,0,0,0,0
2015,"MUNICIPIO",412470,81,0,0,16,65,3,10,19,16,17,52,29,1,0,2,2,0,0,0,1,0,0,0,1,2,0,0,0,0,0,0,0,0,0,0,0,0,0
2015,"MUNICIPIO",412480,94,0,0,16,78,1,20,31,7,19,57,37,2,0,0,0,0,2,0,0,0,0,0,0,2,0,0,0,0,0,0,0,0,0,0,0,0,0
2015,"MUNICIPIO",412490,47,0,0,4,43,4,7,14,3,15,24,23,3,0,1,1,0,0,0,0,0,0,1,0,1,0,0,0,0,0,0,0,0,0,0,0,0,0
2015,"MUNICIPIO",412500,117,0,0,10,107,6,11,38,9,43,71,46,5,0,3,3,0,0,0,3,0,0,0,0,3,0,0,0,0,0,0,0,0,0,0,0,0,0
2015,"MUNICIPIO",412510,78,0,0,11,67,3,19,23,9,13,48,30,5,0,1,1,0,0,0,1,0,0,0,0,1,0,0,0,0,0,0,0,0,0,0,0,0,0
2015,"MUNICIPIO",412520,65,0,0,12,53,1,13,20,4,15,40,25,4,0,0,0,0,2,0,0,0,0,0,0,3,0,0,0,0,0,0,0,0,0,0,0,0,0
2015,"MUNICIPIO",412530,36,0,0,5,31,1,4,11,2,13,24,12,1,0,0,0,0,0,0,0,0,0,0,0,0,0,0,0,0,1,0,0,0,0,0,0,0,0
2015,"MUNICIPIO",412535,58,0,0,10,48,4,10,15,12,7,42,16,1,0,0,0,0,0,0,0,0,0,0,0,0,0,0,0,0,0,0,0,0,0,0,0,0,0
2015,"MUNICIPIO",412540,50,0,0,4,46,4,9,12,8,13,33,17,2,0,2,2,0,0,0,2,0,0,0,0,2,0,0,0,0,0,0,0,0,0,0,0,0,0
2015,"MUNICIPIO",412545,28,0,0,1,27,0,6,15,2,4,21,7,1,0,0,0,0,0,0,0,0,0,0,0,0,0,0,0,0,0,0,0,0,0,0,0,0,0
2015,"MUNICIPIO",412550,1531,0,0,229,1302,92,322,393,160,335,877,654,101,0,26,20,6,16,0,22,0,0,2,0,42,2,0,0,0,2,2,2,0,1,0,1,0,0
2015,"MUNICIPIO",412555,17,0,0,0,17,3,3,2,6,3,12,5,0,0,1,1,0,0,0,1,0,0,0,0,1,0,0,0,0,0,0,0,0,0,0,0,0,0
2015,"MUNICIPIO",412560,271,0,0,33,238,5,62,85,40,46,172,99,11,0,6,3,3,0,0,6,0,0,0,0,6,0,0,0,0,1,0,0,0,0,0,0,0,0
2015,"MUNICIPIO",412570,184,0,0,39,145,4,33,40,30,38,106,78,16,0,3,2,1,3,0,2,0,0,1,0,4,0,0,0,0,0,0,0,0,0,0,0,0,0
2015,"MUNICIPIO",412575,44,0,0,7,37,1,3,17,4,12,34,10,2,0,0,0,0,0,0,0,0,0,0,0,0,0,0,0,0,0,0,0,0,0,0,0,0,0
2015,"MUNICIPIO",412580,70,0,0,7,63,2,11,14,12,24,53,17,3,0,0,0,0,0,0,0,0,0,0,0,0,0,0,0,1,0,1,1,0,1,0,0,0,0
2015,"MUNICIPIO",412590,30,0,0,1,29,2,4,9,2,12,18,12,1,0,0,0,0,0,0,0,0,0,0,0,0,0,0,0,0,0,0,0,0,0,0,0,0,0
2015,"MUNICIPIO",412600,53,0,0,9,44,3,7,16,5,13,31,22,0,0,1,0,1,0,0,1,0,0,0,0,1,0,0,0,0,0,0,0,0,0,0,0,0,0
2015,"MUNICIPIO",412610,40,0,0,6,34,0,6,13,6,9,23,17,2,0,0,0,0,0,0,0,0,0,0,0,0,0,0,0,0,0,0,0,0,0,0,0,0,0
2015,"MUNICIPIO",412620,57,0,0,9,48,4,7,14,10,13,35,22,2,0,0,0,0,1,0,0,0,0,0,0,1,0,0,0,0,0,0,0,0,0,0,0,0,0
2015,"MUNICIPIO",412625,506,0,0,69,437,22,84,150,59,122,316,190,21,0,12,9,3,5,0,6,0,0,6,0,17,0,0,0,0,0,0,0,0,0,0,0,0,0
2015,"MUNICIPIO",412627,40,0,0,3,37,1,7,13,6,10,28,12,2,0,0,0,0,0,0,0,0,0,0,0,0,0,0,0,0,0,0,0,0,0,0,0,0,0
2015,"MUNICIPIO",412630,98,0,0,7,91,3,15,28,12,33,62,36,6,0,1,1,0,1,0,1,0,0,0,0,2,0,0,0,0,0,0,0,0,0,0,0,0,0
2015,"MUNICIPIO",412635,31,0,0,1,30,0,8,10,5,7,14,17,2,0,0,0,0,0,0,0,0,0,0,0,0,0,0,0,0,0,0,0,0,0,0,0,0,0
2015,"MUNICIPIO",412640,50,0,0,2,48,0,9,21,11,7,34,16,0,0,0,0,0,0,0,0,0,0,0,0,0,0,0,0,0,0,0,0,0,0,0,0,0,0
2015,"MUNICIPIO",412650,129,0,0,13,116,1,27,30,24,34,71,58,3,0,1,0,1,0,0,1,0,0,0,0,1,0,0,0,0,0,0,0,0,0,0,0,0,0
2015,"MUNICIPIO",412660,147,0,0,14,133,7,17,60,23,26,91,56,6,0,1,0,1,2,0,1,0,0,0,0,2,0,0,0,0,0,0,0,0,0,0,0,0,0
2015,"MUNICIPIO",412665,22,0,0,2,20,0,6,5,1,8,13,9,0,0,0,0,0,0,0,0,0,0,0,0,0,0,0,0,0,0,0,0,0,0,0,0,0,0
2015,"MUNICIPIO",412667,70,0,0,11,59,0,10,17,7,25,41,29,1,0,0,0,0,1,0,0,0,0,0,0,0,0,0,0,1,0,1,1,0,0,0,0,0,0
2015,"MUNICIPIO",412670,42,0,0,4,38,1,9,14,4,10,23,19,0,0,1,1,0,1,0,1,0,0,0,0,2,0,0,0,0,0,0,0,0,0,0,0,0,0
2015,"MUNICIPIO",412680,97,0,0,15,82,3,12,33,9,25,51,46,7,0,1,1,0,1,0,1,0,0,0,0,2,0,0,0,1,0,1,1,0,0,0,1,0,0
2015,"MUNICIPIO",412690,40,0,0,5,35,1,6,18,2,8,22,18,2,0,0,0,0,0,0,0,0,0,0,0,0,0,0,0,0,0,0,0,0,0,0,0,0,0
2015,"MUNICIPIO",412700,59,0,0,3,56,3,6,23,5,19,36,23,3,0,1,1,0,0,0,1,0,0,0,0,1,0,0,0,1,0,1,1,0,0,1,0,0,0
2015,"MUNICIPIO",412710,532,0,0,79,453,11,95,130,85,132,287,245,36,0,14,11,3,2,0,12,0,0,0,0,17,0,0,0,2,0,2,1,0,1,0,1,0,0
2015,"MUNICIPIO",412720,120,0,0,11,109,2,23,41,20,23,76,44,6,0,0,0,0,0,0,0,0,0,0,0,0,0,0,0,1,0,1,1,0,0,0,0,1,0
2015,"MUNICIPIO",412730,126,0,0,14,112,1,20,52,9,30,67,59,2,0,1,1,0,1,0,1,0,0,0,0,2,0,0,0,0,0,0,0,0,0,0,0,0,0
2015,"MUNICIPIO",412740,124,0,0,14,110,2,27,45,12,24,75,49,9,0,2,1,1,1,0,2,0,0,0,0,3,0,0,0,0,0,0,0,0,0,0,0,0,0
2015,"MUNICIPIO",412750,140,0,0,15,125,3,37,35,18,32,74,66,6,0,2,2,0,1,0,2,0,0,0,0,3,0,0,0,0,0,0,0,0,0,0,0,0,0
2015,"MUNICIPIO",412760,97,0,0,19,78,3,20,25,10,20,67,30,7,0,1,1,0,0,0,1,0,0,0,0,1,0,0,0,0,0,0,0,0,0,0,0,0,0
2015,"MUNICIPIO",412770,720,0,0,110,610,19,150,199,111,131,408,312,40,0,12,8,4,6,0,9,0,0,1,0,22,0,0,0,0,1,0,0,0,0,0,0,0,0
2015,"MUNICIPIO",412780,75,0,0,4,71,4,8,27,17,15,43,32,0,0,0,0,0,0,0,0,0,0,0,0,0,0,0,0,0,0,0,0,0,0,0,0,0,0
2015,"MUNICIPIO",412785,63,0,0,6,57,0,13,24,10,10,33,30,2,0,1,1,0,0,0,1,0,0,0,0,1,0,0,0,0,0,0,0,0,0,0,0,0,0
2015,"MUNICIPIO",412788,32,0,0,5,27,1,6,12,1,7,19,13,4,0,5,5,0,0,0,5,0,0,0,0,4,0,0,0,0,0,0,0,0,0,0,0,0,0
2015,"MUNICIPIO",412790,69,0,0,9,60,2,19,16,4,19,40,29,2,0,0,0,0,1,0,0,0,0,0,0,1,0,0,0,0,0,0,0,0,0,0,0,0,0
2015,"MUNICIPIO",412795,59,0,0,6,53,2,9,23,4,15,38,21,1,0,0,0,0,0,0,0,0,0,0,0,0,0,0,0,0,0,0,0,0,0,0,0,0,0
2015,"MUNICIPIO",412796,81,0,0,7,74,0,19,17,11,27,49,32,5,0,2,2,0,3,0,2,0,0,0,0,5,0,0,0,0,0,0,0,0,0,0,0,0,0
2015,"MUNICIPIO",412800,160,0,0,24,136,5,22,59,13,37,103,57,7,0,4,4,0,0,0,3,0,0,1,0,4,0,0,0,0,0,0,0,0,0,0,0,0,0
2015,"MUNICIPIO",412810,699,0,0,62,637,34,118,194,82,209,440,259,28,0,20,15,5,5,0,13,0,0,7,0,25,0,0,0,0,1,0,0,0,0,0,0,0,0
2015,"MUNICIPIO",412820,435,0,0,83,352,7,88,143,46,68,219,216,37,0,7,5,2,4,0,7,0,0,0,0,11,0,0,0,1,0,1,1,0,0,1,0,0,0
2015,"MUNICIPIO",412830,17,0,0,2,15,0,1,5,3,6,12,5,2,0,0,0,0,0,0,0,0,0,0,0,0,0,0,0,0,0,0,0,0,0,0,0,0,0
2015,"MUNICIPIO",412840,101,0,0,3,98,0,29,32,8,29,57,44,1,0,2,2,0,0,0,2,0,0,0,0,2,0,0,0,0,0,0,0,0,0,0,0,0,0
2015,"MUNICIPIO",412850,170,0,0,13,157,13,22,59,19,44,101,69,2,0,2,1,1,0,0,2,0,0,0,0,2,0,0,0,1,0,1,0,0,0,1,0,0,0
2015,"MUNICIPIO",412853,63,0,0,8,55,0,4,29,14,8,37,26,6,0,0,0,0,0,0,0,0,0,0,0,0,0,0,0,0,0,0,0,0,0,0,0,0,0
2015,"MUNICIPIO",412855,65,0,0,8,57,1,11,14,6,25,34,31,5,0,2,2,0,1,0,0,0,0,1,1,3,0,0,0,0,1,0,0,0,0,0,0,0,0
2015,"MUNICIPIO",412860,47,0,0,3,44,1,11,11,10,11,23,24,3,0,1,1,0,0,0,0,0,0,0,0,1,0,0,0,0,0,0,0,0,0,0,0,0,0
2015,"MUNICIPIO",412862,19,0,0,1,18,0,0,8,2,8,11,8,0,0,0,0,0,0,0,0,0,0,0,0,0,0,0,0,0,0,0,0,0,0,0,0,0,0
2015,"MUNICIPIO",412863,26,0,0,3,23,0,2,13,4,4,15,11,0,0,0,0,0,0,0,0,0,0,0,0,0,0,0,0,0,0,0,0,0,0,0,0,0,0
2015,"MUNICIPIO",412865,31,0,0,2,29,0,8,6,2,13,16,15,1,0,2,1,1,0,0,2,0,0,0,0,2,0,0,0,0,0,0,0,0,0,0,0,0,0
2015,"MUNICIPIO",412870,43,0,0,4,39,2,8,9,5,15,26,17,2,0,1,1,0,0,0,1,0,0,0,0,1,0,0,0,0,0,0,0,0,0,0,0,0,0
2015,"MUNICIPIO",412880,51,0,0,2,49,2,9,11,7,20,25,26,1,0,0,0,0,0,0,0,0,0,0,0,0,0,0,0,0,0,0,0,0,0,0,0,0,0
