"ANO","NIVEL","CODMUNRES","POPR_RA","POPR_RE"
2015,"UF",41,10248484,7247330
2015,"MUNICIPIO",410010,7823,1100
2015,"MUNICIPIO",410020,3713,NA
2015,"MUNICIPIO",410030,5145,1606
2015,"MUNICIPIO",410040,106862,39924
2015,"MUNICIPIO",410045,2631,NA
2015,"MUNICIPIO",410050,17886,7344
2015,"MUNICIPIO",412862,2764,666
2015,"MUNICIPIO",410060,13845,7914
2015,"MUNICIPIO",410070,10106,5390
2015,"MUNICIPIO",410080,10965,NA
2015,"MUNICIPIO",410090,5092,NA
2015,"MUNICIPIO",410100,17295,11539
2015,"MUNICIPIO",410105,2641,NA
2015,"MUNICIPIO",410110,20876,11481
2015,"MUNICIPIO",410115,2962,NA
2015,"MUNICIPIO",410120,17836,NA
2015,"MUNICIPIO",410130,2528,NA
2015,"MUNICIPIO",410140,130404,91419
2015,"MUNICIPIO",410150,115389,80362
2015,"MUNICIPIO",410160,25366,16653
2015,"MUNICIPIO",410165,1766,NA
2015,"MUNICIPIO",410170,13890,4145
2015,"MUNICIPIO",410180,133402,80166
2015,"MUNICIPIO",410185,1296,NA
2015,"MUNICIPIO",410190,16113,9981
2015,"MUNICIPIO",410200,34021,11445
2015,"MUNICIPIO",410210,25971,19198
2015,"MUNICIPIO",410220,4003,NA
2015,"MUNICIPIO",410230,12335,2633
2015,"MUNICIPIO",410240,28785,28785
2015,"MUNICIPIO",410250,11295,3387
2015,"MUNICIPIO",410260,7494,NA
2015,"MUNICIPIO",410270,2375,NA
2015,"MUNICIPIO",410275,1932,NA
2015,"MUNICIPIO",410280,15609,6522
2015,"MUNICIPIO",410290,10936,NA
2015,"MUNICIPIO",410300,4165,NA
2015,"MUNICIPIO",410302,1241,NA
2015,"MUNICIPIO",410304,3100,NA
2015,"MUNICIPIO",410305,6515,NA
2015,"MUNICIPIO",410310,10130,3636
2015,"MUNICIPIO",410315,1398,NA
2015,"MUNICIPIO",410320,6889,NA
2015,"MUNICIPIO",410322,1881,NA
2015,"MUNICIPIO",410330,7409,NA
2015,"MUNICIPIO",410335,4619,NA
2015,"MUNICIPIO",410337,3036,NA
2015,"MUNICIPIO",410340,2684,NA
2015,"MUNICIPIO",410345,16608,13200
2015,"MUNICIPIO",410347,4195,NA
2015,"MUNICIPIO",410350,7761,NA
2015,"MUNICIPIO",410360,25010,24207
2015,"MUNICIPIO",410370,103802,98485
2015,"MUNICIPIO",410380,7648,NA
2015,"MUNICIPIO",410390,14772,NA
2015,"MUNICIPIO",410395,1830,NA
2015,"MUNICIPIO",410400,41813,36456
2015,"MUNICIPIO",410405,3031,NA
2015,"MUNICIPIO",410410,7268,NA
2015,"MUNICIPIO",410420,116635,56944
2015,"MUNICIPIO",410425,24021,7810
2015,"MUNICIPIO",410430,92912,83905
2015,"MUNICIPIO",410440,6233,3209
2015,"MUNICIPIO",410442,9818,3132
2015,"MUNICIPIO",410445,9837,5158
2015,"MUNICIPIO",410450,13776,7582
2015,"MUNICIPIO",410460,14008,NA
2015,"MUNICIPIO",410465,18278,14977
2015,"MUNICIPIO",410470,12412,9810
2015,"MUNICIPIO",410480,312717,291711
2015,"MUNICIPIO",410490,59846,44328
2015,"MUNICIPIO",410500,6511,NA
2015,"MUNICIPIO",410510,11054,NA
2015,"MUNICIPIO",410520,8664,164
2015,"MUNICIPIO",410530,9753,6544
2015,"MUNICIPIO",410540,15192,10874
2015,"MUNICIPIO",410550,77501,49736
2015,"MUNICIPIO",410560,11904,9036
2015,"MUNICIPIO",410570,16367,12118
2015,"MUNICIPIO",410580,232386,124938
2015,"MUNICIPIO",410590,23678,17734
2015,"MUNICIPIO",410600,5206,NA
2015,"MUNICIPIO",410610,3216,2462
2015,"MUNICIPIO",410620,14577,7900
2015,"MUNICIPIO",410630,16370,6983
2015,"MUNICIPIO",410640,48542,46639
2015,"MUNICIPIO",410645,2950,NA
2015,"MUNICIPIO",410650,17818,7195
2015,"MUNICIPIO",410655,2743,2043
2015,"MUNICIPIO",410657,3668,NA
2015,"MUNICIPIO",410660,21186,12729
2015,"MUNICIPIO",410670,3926,NA
2015,"MUNICIPIO",410680,6180,599
2015,"MUNICIPIO",410685,1828,NA
2015,"MUNICIPIO",410690,1879168,1879355
2015,"MUNICIPIO",410700,11066,NA
2015,"MUNICIPIO",410715,3394,NA
2015,"MUNICIPIO",410710,5236,NA
2015,"MUNICIPIO",410712,1700,NA
2015,"MUNICIPIO",410720,36949,24088
2015,"MUNICIPIO",410725,8227,NA
2015,"MUNICIPIO",410730,6046,1270
2015,"MUNICIPIO",412863,3310,NA
2015,"MUNICIPIO",410740,2103,NA
2015,"MUNICIPIO",410750,14304,2422
2015,"MUNICIPIO",410753,NA,NA
2015,"MUNICIPIO",410752,1653,NA
2015,"MUNICIPIO",410754,2152,NA
2015,"MUNICIPIO",410755,2422,NA
2015,"MUNICIPIO",410760,16131,NA
2015,"MUNICIPIO",410765,92186,70341
2015,"MUNICIPIO",410770,4515,NA
2015,"MUNICIPIO",410773,3044,NA
2015,"MUNICIPIO",410775,8248,759
2015,"MUNICIPIO",410780,5125,996
2015,"MUNICIPIO",410785,2796,NA
2015,"MUNICIPIO",410790,6466,NA
2015,"MUNICIPIO",410800,11202,NA
2015,"MUNICIPIO",410810,NA,NA
2015,"MUNICIPIO",410820,5892,NA
2015,"MUNICIPIO",410830,263729,217539
2015,"MUNICIPIO",410845,5209,NA
2015,"MUNICIPIO",410832,6414,NA
2015,"MUNICIPIO",410840,82905,53662
2015,"MUNICIPIO",410850,10272,3138
2015,"MUNICIPIO",410855,2102,NA
2015,"MUNICIPIO",410860,29697,14996
2015,"MUNICIPIO",410865,2535,NA
2015,"MUNICIPIO",410870,4583,NA
2015,"MUNICIPIO",410880,30592,17772
2015,"MUNICIPIO",410890,6044,NA
2015,"MUNICIPIO",410895,3778,NA
2015,"MUNICIPIO",410900,3949,NA
2015,"MUNICIPIO",410910,1909,NA
2015,"MUNICIPIO",410920,4987,NA
2015,"MUNICIPIO",410930,9270,4406
2015,"MUNICIPIO",410940,178092,135976
2015,"MUNICIPIO",410950,2901,2598
2015,"MUNICIPIO",410960,35175,35182
2015,"MUNICIPIO",410965,2629,NA
2015,"MUNICIPIO",410970,26980,4210
2015,"MUNICIPIO",410975,6308,NA
2015,"MUNICIPIO",410980,52330,48635
2015,"MUNICIPIO",410990,8640,NA
2015,"MUNICIPIO",411000,4275,NA
2015,"MUNICIPIO",411005,1891,NA
2015,"MUNICIPIO",411007,10801,3657
2015,"MUNICIPIO",411010,25165,16427
2015,"MUNICIPIO",411020,7016,1287
2015,"MUNICIPIO",411030,3118,NA
2015,"MUNICIPIO",411040,4189,NA
2015,"MUNICIPIO",411050,6658,4408
2015,"MUNICIPIO",411060,14436,3526
2015,"MUNICIPIO",411065,2220,NA
2015,"MUNICIPIO",411070,53185,45520
2015,"MUNICIPIO",411080,7799,NA
2015,"MUNICIPIO",411090,4220,NA
2015,"MUNICIPIO",411095,8794,3706
2015,"MUNICIPIO",411100,6852,5146
2015,"MUNICIPIO",411110,6191,4461
2015,"MUNICIPIO",411120,8914,NA
2015,"MUNICIPIO",411125,23178,4072
2015,"MUNICIPIO",411130,3348,NA
2015,"MUNICIPIO",411140,7765,4770
2015,"MUNICIPIO",411150,32414,3954
2015,"MUNICIPIO",411155,7533,2373
2015,"MUNICIPIO",411160,2210,NA
2015,"MUNICIPIO",411170,4815,NA
2015,"MUNICIPIO",411180,40235,37347
2015,"MUNICIPIO",411190,13059,12500
2015,"MUNICIPIO",411200,29624,25897
2015,"MUNICIPIO",411210,21199,10238
2015,"MUNICIPIO",411220,5890,NA
2015,"MUNICIPIO",411230,3338,NA
2015,"MUNICIPIO",411240,9167,NA
2015,"MUNICIPIO",411250,8692,NA
2015,"MUNICIPIO",411260,1409,NA
2015,"MUNICIPIO",411270,11075,10701
2015,"MUNICIPIO",411275,7922,NA
2015,"MUNICIPIO",411280,11542,9492
2015,"MUNICIPIO",411290,2705,NA
2015,"MUNICIPIO",411295,7696,NA
2015,"MUNICIPIO",411300,6450,5936
2015,"MUNICIPIO",411310,4300,NA
2015,"MUNICIPIO",411320,36725,28031
2015,"MUNICIPIO",411325,2716,NA
2015,"MUNICIPIO",411330,29303,11527
2015,"MUNICIPIO",411340,3518,NA
2015,"MUNICIPIO",411342,2999,NA
2015,"MUNICIPIO",411345,3453,NA
2015,"MUNICIPIO",411350,22598,16666
2015,"MUNICIPIO",411360,4658,4658
2015,"MUNICIPIO",411370,548141,548249
2015,"MUNICIPIO",411373,6073,NA
2015,"MUNICIPIO",411375,3975,NA
2015,"MUNICIPIO",411380,4858,NA
2015,"MUNICIPIO",411390,9866,2099
2015,"MUNICIPIO",411400,12156,7752
2015,"MUNICIPIO",411410,21668,6353
2015,"MUNICIPIO",411420,34282,25403
2015,"MUNICIPIO",411430,14498,638
2015,"MUNICIPIO",411435,905,NA
2015,"MUNICIPIO",411440,11482,5148
2015,"MUNICIPIO",411450,8517,NA
2015,"MUNICIPIO",411460,50808,7356
2015,"MUNICIPIO",411470,5556,NA
2015,"MUNICIPIO",411480,27752,18528
2015,"MUNICIPIO",411490,7809,1618
2015,"MUNICIPIO",411500,6331,NA
2015,"MUNICIPIO",411510,10535,4790
2015,"MUNICIPIO",411520,397358,397437
2015,"MUNICIPIO",411530,5070,NA
2015,"MUNICIPIO",411535,4506,NA
2015,"MUNICIPIO",411540,10481,3748
2015,"MUNICIPIO",411545,1719,NA
2015,"MUNICIPIO",411550,4603,120
2015,"MUNICIPIO",411560,14203,7665
2015,"MUNICIPIO",411570,32584,32591
2015,"MUNICIPIO",411573,1654,NA
2015,"MUNICIPIO",411575,9149,NA
2015,"MUNICIPIO",411580,44876,13105
2015,"MUNICIPIO",411585,4791,NA
2015,"MUNICIPIO",411590,2283,NA
2015,"MUNICIPIO",411600,1885,NA
2015,"MUNICIPIO",411605,6416,NA
2015,"MUNICIPIO",411610,11538,NA
2015,"MUNICIPIO",411620,13943,8057
2015,"MUNICIPIO",411630,3540,NA
2015,"MUNICIPIO",411640,3610,NA
2015,"MUNICIPIO",411650,1320,NA
2015,"MUNICIPIO",411660,3088,NA
2015,"MUNICIPIO",411670,10721,5661
2015,"MUNICIPIO",411680,5094,NA
2015,"MUNICIPIO",411690,26903,16673
2015,"MUNICIPIO",411695,2404,NA
2015,"MUNICIPIO",411700,8000,NA
2015,"MUNICIPIO",411705,2319,1734
2015,"MUNICIPIO",411710,13201,7659
2015,"MUNICIPIO",411720,5781,NA
2015,"MUNICIPIO",411725,8507,NA
2015,"MUNICIPIO",411721,3493,NA
2015,"MUNICIPIO",411722,5820,NA
2015,"MUNICIPIO",411727,3937,NA
2015,"MUNICIPIO",411729,2206,NA
2015,"MUNICIPIO",411730,13249,7384
2015,"MUNICIPIO",411740,3487,NA
2015,"MUNICIPIO",411745,5138,NA
2015,"MUNICIPIO",411750,39284,26803
2015,"MUNICIPIO",411760,44569,31270
2015,"MUNICIPIO",411770,23551,19896
2015,"MUNICIPIO",411780,10117,NA
2015,"MUNICIPIO",411790,30853,19931
2015,"MUNICIPIO",411800,13008,5620
2015,"MUNICIPIO",411810,11066,5890
2015,"MUNICIPIO",411820,145208,108906
2015,"MUNICIPIO",411830,NA,NA
2015,"MUNICIPIO",411840,86756,77757
2015,"MUNICIPIO",411845,5304,NA
2015,"MUNICIPIO",411850,78996,71172
2015,"MUNICIPIO",411860,3078,NA
2015,"MUNICIPIO",411870,2888,NA
2015,"MUNICIPIO",411880,NA,NA
2015,"MUNICIPIO",411885,5994,NA
2015,"MUNICIPIO",411890,10935,NA
2015,"MUNICIPIO",411900,4064,NA
2015,"MUNICIPIO",411910,8224,NA
2015,"MUNICIPIO",411915,127033,111101
2015,"MUNICIPIO",411920,5377,232
2015,"MUNICIPIO",411925,1205,NA
2015,"MUNICIPIO",411930,21063,6987
2015,"MUNICIPIO",411940,18901,14538
2015,"MUNICIPIO",411950,102730,79973
2015,"MUNICIPIO",411960,24005,14640
2015,"MUNICIPIO",411965,2600,NA
2015,"MUNICIPIO",411970,3427,NA
2015,"MUNICIPIO",411980,7261,NA
2015,"MUNICIPIO",411990,337798,337865
2015,"MUNICIPIO",411995,24347,19530
2015,"MUNICIPIO",412000,13907,12962
2015,"MUNICIPIO",412010,4455,3460
2015,"MUNICIPIO",412015,1150,NA
2015,"MUNICIPIO",412020,2607,1591
2015,"MUNICIPIO",412030,2306,NA
2015,"MUNICIPIO",412033,NA,NA
2015,"MUNICIPIO",412035,4344,1899
2015,"MUNICIPIO",412040,5144,420
2015,"MUNICIPIO",412050,10489,4666
2015,"MUNICIPIO",412060,28668,22132
2015,"MUNICIPIO",412065,3781,NA
2015,"MUNICIPIO",412070,7409,2286
2015,"MUNICIPIO",412080,22044,16909
2015,"MUNICIPIO",412085,2612,NA
2015,"MUNICIPIO",412090,24732,13188
2015,"MUNICIPIO",412100,8939,NA
2015,"MUNICIPIO",412110,4442,NA
2015,"MUNICIPIO",412120,7180,1282
2015,"MUNICIPIO",412125,2519,NA
2015,"MUNICIPIO",412130,3989,NA
2015,"MUNICIPIO",412135,2671,NA
2015,"MUNICIPIO",412140,15234,9995
2015,"MUNICIPIO",412150,9642,7055
2015,"MUNICIPIO",412160,4221,3481
2015,"MUNICIPIO",412170,18435,11859
2015,"MUNICIPIO",412175,4854,1730
2015,"MUNICIPIO",412180,10645,7063
2015,"MUNICIPIO",412190,13643,7648
2015,"MUNICIPIO",412200,5931,5358
2015,"MUNICIPIO",412210,2737,NA
2015,"MUNICIPIO",412215,5343,NA
2015,"MUNICIPIO",412217,2377,NA
2015,"MUNICIPIO",412220,25692,NA
2015,"MUNICIPIO",412230,28986,14987
2015,"MUNICIPIO",412240,63304,38054
2015,"MUNICIPIO",412250,9051,NA
2015,"MUNICIPIO",412260,8934,5593
2015,"MUNICIPIO",412265,3528,2224
2015,"MUNICIPIO",412270,6584,NA
2015,"MUNICIPIO",412280,2729,NA
2015,"MUNICIPIO",412290,4426,1404
2015,"MUNICIPIO",412300,10258,NA
2015,"MUNICIPIO",412310,3282,NA
2015,"MUNICIPIO",412320,3016,1960
2015,"MUNICIPIO",412330,7239,NA
2015,"MUNICIPIO",412340,11428,4957
2015,"MUNICIPIO",412350,12437,9818
2015,"MUNICIPIO",412360,1734,NA
2015,"MUNICIPIO",412370,7187,6227
2015,"MUNICIPIO",412380,9386,NA
2015,"MUNICIPIO",412382,3019,NA
2015,"MUNICIPIO",412385,4096,NA
2015,"MUNICIPIO",412390,12124,5533
2015,"MUNICIPIO",412395,3800,NA
2015,"MUNICIPIO",412400,4048,364
2015,"MUNICIPIO",412402,10507,NA
2015,"MUNICIPIO",412405,22565,8619
2015,"MUNICIPIO",412410,43882,39808
2015,"MUNICIPIO",412420,2723,NA
2015,"MUNICIPIO",412430,1972,NA
2015,"MUNICIPIO",412440,15825,9016
2015,"MUNICIPIO",412450,5480,2699
2015,"MUNICIPIO",412460,6755,NA
2015,"MUNICIPIO",412470,8500,NA
2015,"MUNICIPIO",412480,7356,4853
2015,"MUNICIPIO",412490,6027,4860
2015,"MUNICIPIO",412500,10179,1792
2015,"MUNICIPIO",412510,4384,365
2015,"MUNICIPIO",412520,6415,NA
2015,"MUNICIPIO",412530,5500,5500
2015,"MUNICIPIO",412535,5458,NA
2015,"MUNICIPIO",412540,4554,NA
2015,"MUNICIPIO",412545,3258,NA
2015,"MUNICIPIO",412550,294343,193167
2015,"MUNICIPIO",412555,1714,NA
2015,"MUNICIPIO",412560,28910,13151
2015,"MUNICIPIO",412570,22698,14250
2015,"MUNICIPIO",412575,4724,NA
2015,"MUNICIPIO",412580,9782,5362
2015,"MUNICIPIO",412590,2177,NA
2015,"MUNICIPIO",412600,8944,NA
2015,"MUNICIPIO",412610,5656,NA
2015,"MUNICIPIO",412620,5000,NA
2015,"MUNICIPIO",412625,NA,NA
2015,"MUNICIPIO",412627,3718,NA
2015,"MUNICIPIO",412630,16242,8423
2015,"MUNICIPIO",412635,3346,NA
2015,"MUNICIPIO",412640,NA,NA
2015,"MUNICIPIO",412650,14305,13450
2015,"MUNICIPIO",412660,17982,11307
2015,"MUNICIPIO",412665,1829,NA
2015,"MUNICIPIO",412667,8003,NA
2015,"MUNICIPIO",412670,4990,NA
2015,"MUNICIPIO",412680,15704,13000
2015,"MUNICIPIO",412690,4847,NA
2015,"MUNICIPIO",412700,5728,1887
2015,"MUNICIPIO",412710,75794,57622
2015,"MUNICIPIO",412720,16778,4560
2015,"MUNICIPIO",412730,16323,12079
2015,"MUNICIPIO",412740,16127,NA
2015,"MUNICIPIO",412750,14933,10060
2015,"MUNICIPIO",412760,10022,NA
2015,"MUNICIPIO",412770,132052,105689
2015,"MUNICIPIO",412780,4466,3218
2015,"MUNICIPIO",412785,7653,2346
2015,"MUNICIPIO",412788,4591,NA
2015,"MUNICIPIO",412790,5361,1346
2015,"MUNICIPIO",412795,7748,NA
2015,"MUNICIPIO",412796,6582,NA
2015,"MUNICIPIO",412800,21860,7964
2015,"MUNICIPIO",412810,108197,94647
2015,"MUNICIPIO",412820,53530,13770
2015,"MUNICIPIO",412830,2354,NA
2015,"MUNICIPIO",412840,10539,8192
2015,"MUNICIPIO",412853,8261,NA
2015,"MUNICIPIO",412855,7926,4169
2015,"MUNICIPIO",412860,4504,NA
2015,"MUNICIPIO",412865,2451,NA
2015,"MUNICIPIO",412870,5947,NA
2015,"MUNICIPIO",412850,17442,4626
2015,"MUNICIPIO",412880,5097,NA
